Drug_ID,Drug,Y,units,type,source
CHEMBL48624,CCCC[C@H](O[C@@H](Cc1ccccc1)C(=O)N1CCC(OCOC)CC1)C(=O)N[C@@H](CC1CCCCC1)[C@@H](O)C[C@H](C(=O)NCCCN1CCOCC1)C(C)C,28.0,%,F,ChEMBL
CHEMBL48624,CCCC[C@H](O[C@@H](Cc1ccccc1)C(=O)N1CCC(OCOC)CC1)C(=O)N[C@@H](CC1CCCCC1)[C@@H](O)C[C@H](C(=O)NCCCN1CCOCC1)C(C)C,16.0,%,F,ChEMBL
CHEMBL543416,CC(C)[C@@H]1C(=O)N(S(C)(=O)=O)[C@@H]2CCN(C(=O)c3cnc(CNC4CC4)cn3)[C@H]21.Cl,43.0,%,F,ChEMBL
CHEMBL543416,CC(C)[C@@H]1C(=O)N(S(C)(=O)=O)[C@@H]2CCN(C(=O)c3cnc(CNC4CC4)cn3)[C@H]21.Cl,120.0,%,F,ChEMBL
CHEMBL68366,CC(C)(F)CC[C@H](C[C@H](O)[C@H](Cc1ccccc1)NC(=O)c1cnc2ccccc2n1)C(N)=O,1.6,%,F,ChEMBL
CHEMBL68366,CC(C)(F)CC[C@H](C[C@H](O)[C@H](Cc1ccccc1)NC(=O)c1cnc2ccccc2n1)C(N)=O,2.9,%,F,ChEMBL
CHEMBL105060,CN(C(=O)c1cc(C(F)(F)F)cc(C(F)(F)F)c1)[C@@H](/C=C/C(=O)N[C@@H]1CCCCNC1=O)Cc1ccc(Cl)c(Cl)c1,41.0,%,F,ChEMBL
CHEMBL105060,CN(C(=O)c1cc(C(F)(F)F)cc(C(F)(F)F)c1)[C@@H](/C=C/C(=O)N[C@@H]1CCCCNC1=O)Cc1ccc(Cl)c(Cl)c1,17.4,%,F,ChEMBL
CHEMBL282781,CS(=O)(=O)N1CCN(Cc2cc3cc(C(=O)N4CCC(N5C(=O)OCc6ccccc65)CC4)ccc3o2)CC1,100.0,%,F,ChEMBL
CHEMBL297129,CCCCNC(=O)[C@@H](C[C@H](O)[C@H](CC1CCCCC1)NC(=O)[C@H](CCCC)O[C@@H](Cc1ccccc1)C(=O)N1CCC(OCOC)CC1)C(C)C,2.5,%,F,ChEMBL
CHEMBL49286,CCCC[C@H](O[C@@H](Cc1ccccc1)C(=O)N1CCC(OCOC)CC1)C(=O)N[C@@H](CC1CCCCC1)[C@@H](O)[C@@H](O)CC(C)C,2.5,%,F,ChEMBL
CHEMBL295048,CCCC[C@H](O[C@@H](Cc1ccccc1)C(=O)N1CCC(OCOC)CC1)C(=O)N[C@@H](CC1CCCCC1)[C@@H](O)C[C@H](C(=O)NCCCN(C)C)C(C)C,50.0,%,F,ChEMBL
CHEMBL28627,CC(=O)N1CCN(Cc2cc3cc(C(=O)N4CCC(N5C(=O)OCc6ccccc65)CC4)ccc3o2)CC1,44.0,%,F,ChEMBL
CHEMBL31213,CN(Cc1cc2cc(C(=O)N3CCC(N4C(=O)OCc5ccccc54)CC3)ccc2o1)C(=O)CN1C(=O)CNC1=O,12.0,%,F,ChEMBL
CHEMBL42383,CCOCn1nnc(-c2ccc(F)cc2)c1-c1ccnc(Oc2cccc(NC(C)=O)c2)n1,56.0,%,F,ChEMBL
CHEMBL295838,CCCC[C@H](O[C@@H](Cc1ccccc1)C(=O)N1CCC(OCOC)CC1)C(=O)N[C@@H](CC1CCCCC1)[C@@H](O)C[C@H](C(=O)NCCCn1ccnc1)C(C)C,25.0,%,F,ChEMBL
CHEMBL300711,CCCC[C@H](N[C@@H](Cc1ccccc1)C(=O)N1CCC(OCOC)CC1)C(=O)N[C@@H](CC1CCCCC1)[C@@H](O)C[C@H](NC(=O)OCCN(C)C)C(C)C,62.0,%,F,ChEMBL
CHEMBL608939,O[C@@H]1[C@@H](CSc2ccccc2F)OC(n2cnc3c(NC4CCOC4)ncnc32)[C@@H]1O,12.3,%,F,ChEMBL
CHEMBL31606,CC(=O)N1CCC(c2cc3cc(C(=O)N4CCC(N5C(=O)OCc6ccccc65)CC4)ccc3o2)CC1,49.0,%,F,ChEMBL
CHEMBL31978,CS(=O)(=O)N1CCC(c2cc3cc(C(=O)N4CCC(N5C(=O)OCc6ccccc65)CC4)ccc3o2)CC1,69.0,%,F,ChEMBL
CHEMBL366977,O=C(NCc1ccc(Cc2c[nH]cn2)cc1)Nc1cc(Cl)cc(Cl)c1,44.0,%,F,ChEMBL
CHEMBL265560,CCCC[C@H](O[C@@H](Cc1ccccc1)C(=O)N1CCC(OCOC)CC1)C(=O)N[C@@H](CC1CCCCC1)[C@@H](O)C[C@H](NC(=O)OCCN(C)C)C(C)C,36.0,%,F,ChEMBL
CHEMBL31476,O=C(CN1C(=O)CNC1=O)NCc1cc2cc(C(=O)N3CCC(N4C(=O)OCc5ccccc54)CC3)ccc2o1,8.0,%,F,ChEMBL
CHEMBL79433,O=C(NO)C1(S(=O)(=O)c2ccc(Oc3ccc(Cl)cc3)cc2)CCN(Cc2ccccc2)CC1,55.0,%,F,ChEMBL
CHEMBL79433,O=C(NO)C1(S(=O)(=O)c2ccc(Oc3ccc(Cl)cc3)cc2)CCN(Cc2ccccc2)CC1,11.0,%,F,ChEMBL
CHEMBL79433,O=C(NO)C1(S(=O)(=O)c2ccc(Oc3ccc(Cl)cc3)cc2)CCN(Cc2ccccc2)CC1,47.0,%,F,ChEMBL
CHEMBL79433,O=C(NO)C1(S(=O)(=O)c2ccc(Oc3ccc(Cl)cc3)cc2)CCN(Cc2ccccc2)CC1,37.0,%,F,ChEMBL
CHEMBL2368616,CC(C)[C@@H]1C(=O)N(S(C)(=O)=O)[C@@H]2CCN(C(=O)/C=C/CN3CCCCC3)[C@H]21.Cl,60.0,%,F,ChEMBL
CHEMBL2368616,CC(C)[C@@H]1C(=O)N(S(C)(=O)=O)[C@@H]2CCN(C(=O)/C=C/CN3CCCCC3)[C@H]21.Cl,100.0,%,F,ChEMBL
CHEMBL554013,CC(C)[C@@H]1C(=O)N(S(C)(=O)=O)[C@@H]2CCN(C(=O)C3CN(CC(C)(C)C)C3)[C@H]21.Cl,45.0,%,F,ChEMBL
CHEMBL554013,CC(C)[C@@H]1C(=O)N(S(C)(=O)=O)[C@@H]2CCN(C(=O)C3CN(CC(C)(C)C)C3)[C@H]21.Cl,90.0,%,F,ChEMBL
CHEMBL609539,O[C@@H]1[C@@H](COc2ccccc2F)OC(n2cnc3c(NC4CCOC4)ncnc32)[C@@H]1O,81.0,%,F,ChEMBL
CHEMBL49172,CCCC[C@H](N[C@@H](Cc1ccccc1)C(=O)N1CCC(OCOC)CC1)C(=O)N[C@@H](CC1CCCCC1)[C@@H](O)C[C@H](C(=O)NCCCn1ccnc1)C(C)C,45.0,%,F,ChEMBL
CHEMBL51401,CCCC[C@H](O[C@@H](Cc1ccccc1)C(=O)N1CCC(OCOC)CC1)C(=O)N[C@@H](CC1CCCCC1)[C@@H](O)C[C@H](C(=O)NCCN1CCOCC1)C(C)C,45.0,%,F,ChEMBL
CHEMBL52060,CCCC[C@H](N[C@@H](Cc1ccccc1)C(=O)N1CCC(OCOC)CC1)C(=O)N[C@@H](CC1CCCCC1)[C@@H](O)C[C@H](C(=O)NCCCN1CCOCC1)C(C)C,34.0,%,F,ChEMBL
CHEMBL284419,CC(=O)NCC(=O)NCc1cc2cc(C(=O)N3CCC(N4C(=O)OCc5ccccc54)CC3)ccc2o1,16.0,%,F,ChEMBL
CHEMBL542949,CC(C)[C@@H]1C(=O)N(S(C)(=O)=O)[C@@H]2CCN(C(=O)c3coc(CN4CCCC4)n3)[C@H]21.Cl,24.0,%,F,ChEMBL
CHEMBL542949,CC(C)[C@@H]1C(=O)N(S(C)(=O)=O)[C@@H]2CCN(C(=O)c3coc(CN4CCCC4)n3)[C@H]21.Cl,100.0,%,F,ChEMBL
CHEMBL303274,CC[C@H]1OC(=O)[C@H](C)[C@@H](OC(=O)N2C(=O)OC[C@@H]2C)[C@H](C)[C@@H](O[C@@H]2O[C@H](C)C[C@H](N(C)CC3CC3)[C@H]2O)[C@@](C)(OC)C[C@@H](C)C(=O)[C@H](C)[C@H]2N(CCc3ccc(Cl)c(Cl)c3)C(=O)O[C@]12C,15.2,%,F,ChEMBL
CHEMBL150614,CCn1c2ccccc2c2cc(NC(=O)CN3CCN(C[C@@H](O)COc4ccc5sc(C)nc5c4)CC3)ccc21,17.5,%,F,ChEMBL
CHEMBL308473,CC(C)(O)CCC(C[C@H](O)[C@H](Cc1cccc(F)c1)NC(=O)c1cnc2ccccc2n1)C(N)=O,49.0,%,F,ChEMBL
CHEMBL308473,CC(C)(O)CCC(C[C@H](O)[C@H](Cc1cccc(F)c1)NC(=O)c1cnc2ccccc2n1)C(N)=O,9.5,%,F,ChEMBL
CHEMBL154751,Cc1nc2cc(OC[C@H](O)CN3CCN(CC(=O)Nc4c(C)cccc4C)CC3)ccc2s1,19.5,%,F,ChEMBL
CHEMBL55586,Cc1cc(CN2CCN(C[C@@H](O)[C@H](Cc3ccccc3)NC(=O)O[C@@H]3CCS(=O)(=O)[C@@H]3C(C)C)[C@H](C(=O)NC(C)(C)C)C2)cc(Cl)n1,34.8,%,F,ChEMBL
CHEMBL48537,CCCC[C@H](N[C@@H](Cc1ccccc1)C(=O)N1CCC(OCOC)CC1)C(=O)N[C@@H](CC1CCCCC1)[C@@H](O)[C@@H](O)CC(C)C,2.9,%,F,ChEMBL
CHEMBL263725,CCCCNC(=O)[C@@H](C[C@H](O)[C@H](CC1CCCCC1)NC(=O)[C@H](CCCC)N[C@@H](Cc1ccccc1)C(=O)N1CCC(OCOC)CC1)C(C)C,7.1,%,F,ChEMBL
CHEMBL263725,CCCCNC(=O)[C@@H](C[C@H](O)[C@H](CC1CCCCC1)NC(=O)[C@H](CCCC)N[C@@H](Cc1ccccc1)C(=O)N1CCC(OCOC)CC1)C(C)C,16.0,%,F,ChEMBL
CHEMBL30667,CC(=O)NCCc1cc2cc(C(=O)N3CCC(N4C(=O)OCc5ccccc54)CC3)ccc2o1,27.0,%,F,ChEMBL
CHEMBL297595,CCCC[C@H](O[C@@H](Cc1ccccc1)C(=O)N1CCC(OCOC)CC1)C(=O)N[C@@H](CC1CCCCC1)[C@@H](O)C[C@H](NC(=O)OCCN1CCOCC1)C(C)C,70.0,%,F,ChEMBL
CHEMBL300337,COc1ccc(C[C@H](NC(=O)CC(C)(C)N)C(=O)N[C@@H](Cc2c[nH]cn2)C(=O)N[C@@H](CC2CCCCC2)[C@@H](O)[C@@H](O)CC(C)C)cc1,1.7,%,F,ChEMBL
CHEMBL305423,CC(C)(F)CCC(C[C@H](O)[C@H](Cc1ccccc1)NC(=O)c1cnc2ccccc2n1)C(=O)NO,3.4,%,F,ChEMBL
CHEMBL305423,CC(C)(F)CCC(C[C@H](O)[C@H](Cc1ccccc1)NC(=O)c1cnc2ccccc2n1)C(=O)NO,6.5,%,F,ChEMBL
CHEMBL131247,CCC(CC)CNC(=O)c1ccc2c(c1)c(Cc1ccc(C(=O)NS(=O)(=O)c3ccccc3C)cc1OC)cn2CC,28.1,%,F,ChEMBL
CHEMBL131247,CCC(CC)CNC(=O)c1ccc2c(c1)c(Cc1ccc(C(=O)NS(=O)(=O)c3ccccc3C)cc1OC)cn2CC,5.1,%,F,ChEMBL
CHEMBL175698,Cc1oc([C@@H](Cc2cn(C)c3ccccc23)NC(=O)[C@H](CC(C)C)OC(=O)N(C)C2CCCCC2)nc1C(=O)O,13.5,%,F,ChEMBL
CHEMBL66332,CNC(=O)CC1CCCN(C2CCN(CC[C@@H](/C(CN(C)C(=O)c3cc(Cl)cc(Cl)c3)=N/OC)c3ccc(Cl)c(Cl)c3)CC2)C1=O,66.0,%,F,ChEMBL
CHEMBL177655,Cc1nc2cc(OCC(O)CN3CCN(CC(=O)Nc4c(C)cccc4C)CC3)ccc2s1,45.0,%,F,ChEMBL
CHEMBL42158,COc1ccc(C(=O)Nc2cnc3c(c2)CN(C)CC3(C)C)cc1C(F)(F)F,20.0,%,F,ChEMBL
CHEMBL170499,Cc1cc(C)cc(-c2[nH]c3ccc(C(C)(C)C(=O)N4C5CCC4CC5)cc3c2[C@H](C)CNCCCCc2cccc3cnccc23)c1,4.0,%,F,ChEMBL
CHEMBL123503,O=C(O)[C@H]1[C@H](CN2C(=O)c3ccccc3C2=O)CC[C@@H]1SCCc1ccc(-c2ccc(F)cc2)cc1,100.0,%,F,ChEMBL
CHEMBL123503,O=C(O)[C@H]1[C@H](CN2C(=O)c3ccccc3C2=O)CC[C@@H]1SCCc1ccc(-c2ccc(F)cc2)cc1,93.0,%,F,ChEMBL
CHEMBL64830,COc1cc(Nc2ncc(-c3ccccc3N(C)C(=O)CN3CCOCC3)o2)ccc1-c1cnco1,25.0,%,F,ChEMBL
CHEMBL3706623,O=C(N[C@H]1c2ccccc2OC[C@H]1O)[C@H](Cc1ccccc1)C[C@H](O)CN1CCN(Cc2ccc(-c3cccnc3)o2)C[C@H]1C(=O)NCC(F)(F)F,2.0,%,F,ChEMBL
CHEMBL43696,COc1ccc(C(=O)Nc2ccc3c(c2)CN(C)CC3)cc1C(F)(F)F,2.0,%,F,ChEMBL
CHEMBL173831,Cc1nc2cc(OC[C@H](O)CN3CCN(CC(=O)Nc4c(C)cccc4C)C[C@@H]3C)ccc2s1,5.0,%,F,ChEMBL
CHEMBL56098,COc1ccc(-c2cc(-c3nc(C)cs3)c(=O)n(C)c2-c2ccnnc2)cc1,65.0,%,F,ChEMBL
CHEMBL68060,CO/N=C(\CN(C)C(=O)c1cc(Cl)cc(Cl)c1)[C@H](CCN1CCC(N2CCCCC2=O)CC1)c1ccc(Cl)c(Cl)c1,5.0,%,F,ChEMBL
CHEMBL5483011,CC(C)(C)NC(=O)[C@@H]1CN(Cc2cccnc2)CCN1C[C@@H](O)C[C@@H](Cc1ccccc1)C(=O)N[C@H]1c2ccccc2C[C@H]1O.O,72.0,%,F,ChEMBL
CHEMBL165456,Cc1cc(C)cc(-c2[nH]c3ccc(C(C)(C)C(=O)N4CC5CCC4CC5)cc3c2[C@H](C)CNCCc2ccc3[nH]c(O)nc3c2)c1,5.0,%,F,ChEMBL
CHEMBL8828,CCCC[C@@H](C[C@@H](CCc1ccc(-c2ccc(F)cc2)cc1)C(=O)N[C@H](C(=O)NC)C(C)(C)C)C(=O)O,78.0,%,F,ChEMBL
CHEMBL8828,CCCC[C@@H](C[C@@H](CCc1ccc(-c2ccc(F)cc2)cc1)C(=O)N[C@H](C(=O)NC)C(C)(C)C)C(=O)O,60.0,%,F,ChEMBL
CHEMBL3706619,O=C(N[C@H]1c2ccccc2OC[C@H]1O)[C@H](Cc1ccccc1)C[C@H](O)CN1CCN(Cc2ccc(-c3ccccn3)o2)C[C@H]1C(=O)NCC(F)(F)F,4.0,%,F,ChEMBL
CHEMBL352806,Cc1cc(C)cc(-c2[nH]c3ccc(C(C)(C)C(=O)N4CC5CCC4CC5)cc3c2[C@H](C)CNCCc2c[nH]c3ncnc-3c2)c1,16.0,%,F,ChEMBL
CHEMBL170159,Cc1cc(C)cc(-c2[nH]c3ccc(C(C)(C)C(=O)N4C5CCC4CC5)cc3c2[C@H](C)CNCCc2cccc3cnccc23)c1,10.0,%,F,ChEMBL
CHEMBL168563,Cc1cc(C)cc(-c2[nH]c3ccc(C(C)(C)C(=O)N4CC5CCC4CC5)cc3c2[C@H](C)CNCCc2ccc3[nH]nnc3c2)c1,20.0,%,F,ChEMBL
CHEMBL168538,Cc1cc(C)cc(-c2[nH]c3ccc(C(C)(C)C(=O)N4CC5CCC4CC5)cc3c2[C@H](C)CNCCc2ccc3[nH]cnc3c2)c1,63.0,%,F,ChEMBL
CHEMBL427487,Cc1nc2cc(OC[C@H](O)CN3C(C)CN(CC(=O)Nc4c(C)cccc4C)CC3C)ccc2s1,11.0,%,F,ChEMBL
CHEMBL104698,C=CCN(C(=O)OCc1ccccc1)C1CCN(CCC(C)(CN2C(=O)N[C@H](Cc3c[nH]c4ccccc34)C2=O)c2ccccc2)CC1,1.0,%,F,ChEMBL
CHEMBL3706620,CC(C)(c1ccc(-c2ccncc2)o1)N1CCN(C[C@@H](O)C[C@@H](Cc2ccccc2)C(=O)N[C@H]2c3ccccc3OC[C@H]2O)[C@H](C(=O)NCC(F)(F)F)C1,100.0,%,F,ChEMBL
CHEMBL3706620,CC(C)(c1ccc(-c2ccncc2)o1)N1CCN(C[C@@H](O)C[C@@H](Cc2ccccc2)C(=O)N[C@H]2c3ccccc3OC[C@H]2O)[C@H](C(=O)NCC(F)(F)F)C1,90.0,%,F,ChEMBL
CHEMBL329556,COc1ccc(C(=O)Nc2c(Cl)cncc2Cl)c2[nH]c(C(C)C)nc12,16.0,%,F,ChEMBL
CHEMBL170606,Cc1cc(C)cc(-c2[nH]c3ccc(C(C)(C)C(=O)N4C5CCC4CC5)cc3c2[C@H](C)CNCCc2ccc3[nH]nnc3c2)c1,37.0,%,F,ChEMBL
CHEMBL327704,Cc1cc(C)cc(-c2[nH]c3ccc(C(C)(C)C(=O)N4C5CCC4CC5)cc3c2[C@H](C)CNCCCCc2ccncc2)c1,23.0,%,F,ChEMBL
CHEMBL327704,Cc1cc(C)cc(-c2[nH]c3ccc(C(C)(C)C(=O)N4C5CCC4CC5)cc3c2[C@H](C)CNCCCCc2ccncc2)c1,11.0,%,F,ChEMBL
CHEMBL11706,CCCCC1=NC2(CCCC2)C(=O)N1Cc1ccc(-c2ccccc2S(=O)(=O)Nc2onc(C)c2C)c(CN2CCC(C)(C)C2=O)c1,38.0,%,F,ChEMBL
CHEMBL366962,CN(C)c1ccccc1-c1ccc(C(=O)Nc2ccc(Cl)cc2C(=O)Nc2ccc(Cl)cn2)cc1,100.0,%,F,ChEMBL
CHEMBL449708,COCc1nc2c(OC)ccc(C(=O)Nc3c(Cl)cncc3Cl)c2[nH]1,35.0,%,F,ChEMBL
CHEMBL126380,O=C(O)[C@H]1[C@H](Cn2nnc3ccccc3c2=O)CC[C@@H]1Sc1ccc(-c2ccc(Cl)cc2)cc1,100.0,%,F,ChEMBL
CHEMBL126380,O=C(O)[C@H]1[C@H](Cn2nnc3ccccc3c2=O)CC[C@@H]1Sc1ccc(-c2ccc(Cl)cc2)cc1,69.0,%,F,ChEMBL
CHEMBL175646,Cc1nc2cc(OC[C@H](O)CN3CCN(CC(=O)Nc4c(C)cccc4C)CC3(C)C)ccc2s1,13.0,%,F,ChEMBL
CHEMBL83385,CCCN(CCC)c1c(C)nc(-c2c(C)cc(C)cc2OC)n(CC)c1=O,2.6,%,F,ChEMBL
CHEMBL294600,COc1ccc(-c2cc(-c3nc(C)cs3)c(=O)n(C)c2-c2ccncc2)cc1,25.0,%,F,ChEMBL
CHEMBL174815,O=C(Nc1ccc(Cl)cc1C(=O)Nc1ccc(Cl)cn1)c1ccc(-c2ccccc2N2CCC(O)CC2)cc1,32.0,%,F,ChEMBL
CHEMBL106803,C=CCN(C(=O)OCc1ccc([N+](=O)[O-])cc1)C1CCN(CCC(Cn2cnc3ccccc32)c2ccccc2)CC1,14.0,%,F,ChEMBL
CHEMBL145411,COC(=O)C1=C(C)N=C(C)N(CCCCCN2CCC(c3ccc(C)cc3)(c3ccccc3C)CC2)C1c1ccc(F)c(F)c1,17.0,%,F,ChEMBL
CHEMBL145411,COC(=O)C1=C(C)N=C(C)N(CCCCCN2CCC(c3ccc(C)cc3)(c3ccccc3C)CC2)C1c1ccc(F)c(F)c1,8.0,%,F,ChEMBL
CHEMBL357828,COC(=O)C1=C(C)N=C(C)N(CCCCCN2CCN(c3ccccc3C(N)=O)CC2)C1c1ccc(F)c(F)c1,21.0,%,F,ChEMBL
CHEMBL357828,COC(=O)C1=C(C)N=C(C)N(CCCCCN2CCN(c3ccccc3C(N)=O)CC2)C1c1ccc(F)c(F)c1,10.0,%,F,ChEMBL
CHEMBL94255,COCc1nc2c(OC)ccc(C(=O)Nc3c(Cl)c[n+]([O-])cc3Cl)c2[nH]1,87.0,%,F,ChEMBL
CHEMBL441252,CO/N=C(\CN(C)C(=O)c1cc(Cl)cc(Cl)c1)[C@H](CCN1CCC(N2CCCC(CC(N)=O)C2=O)CC1)c1ccc(Cl)c(Cl)c1,37.0,%,F,ChEMBL
CHEMBL114756,O=C(N[C@H]1c2ccccc2OC[C@H]1O)[C@H](Cc1ccccc1)C[C@H](O)CN1CCN(Cc2ccc(-c3ccncc3)o2)C[C@H]1C(=O)NCC(F)(F)F,55.0,%,F,ChEMBL
CHEMBL96565,O=C1NCc2c(-c3ccc(F)cc3Cl)cc(C3CCN(C4CC4)CC3)cc2N1c1c(Cl)cccc1Cl,59.3,%,F,ChEMBL
CHEMBL263683,CCCC[C@H](N[C@@H](Cc1ccccc1)C(=O)N1CCC(OCOC)CC1)C(=O)N[C@@H](CC1CCCCC1)[C@@H](O)C[C@H](C(=O)NCc1ccccn1)C(C)C,21.0,%,F,ChEMBL
CHEMBL263683,CCCC[C@H](N[C@@H](Cc1ccccc1)C(=O)N1CCC(OCOC)CC1)C(=O)N[C@@H](CC1CCCCC1)[C@@H](O)C[C@H](C(=O)NCc1ccccn1)C(C)C,46.0,%,F,ChEMBL
CHEMBL61374,Cc1nc(-c2ccccc2)nc(C)c1C(=O)N1CCC(C)(N2CCC(N(c3ccccc3)c3ccccc3)CC2)CC1,0.0,%,F,ChEMBL
CHEMBL61374,Cc1nc(-c2ccccc2)nc(C)c1C(=O)N1CCC(C)(N2CCC(N(c3ccccc3)c3ccccc3)CC2)CC1,86.0,%,F,ChEMBL
CHEMBL419140,O=C1NCc2c(-c3ccc(F)cc3Cl)cc(C3CCN(C4CCC4)CC3)cc2N1c1c(Cl)cccc1Cl,11.6,%,F,ChEMBL
CHEMBL347037,C[C@@]1(C(=O)N[C@@H](Cc2cccc(Cl)c2)C(=O)O)CCCN1S(=O)(=O)c1cc(Cl)cc(Cl)c1,32.0,%,F,ChEMBL
CHEMBL347037,C[C@@]1(C(=O)N[C@@H](Cc2cccc(Cl)c2)C(=O)O)CCCN1S(=O)(=O)c1cc(Cl)cc(Cl)c1,32.0,%,F,ChEMBL
CHEMBL96763,O=C1NCc2c(-c3ccccc3Cl)cc(C3CCNCC3)cc2N1c1c(Cl)cccc1Cl,0.0,%,F,ChEMBL
CHEMBL2062136,N#Cc1ccc(S(=O)(=O)Nc2cccc(C(c3c(O)c4c(oc3=O)CCCCCC4)C3CC3)c2)cc1,41.9,%,F,ChEMBL
CHEMBL2062136,N#Cc1ccc(S(=O)(=O)Nc2cccc(C(c3c(O)c4c(oc3=O)CCCCCC4)C3CC3)c2)cc1,76.7,%,F,ChEMBL
CHEMBL94496,CCCc1cc(Oc2ccc(C(C)C)cc2)ccc1OCCCOc1cccc(C2SC(=O)NC2=O)c1,6.0,%,F,ChEMBL
CHEMBL420441,CCCc1cc(Oc2ccc(Cl)cc2)ccc1OCCCOc1cccc(C2SC(=O)NC2=O)c1,44.0,%,F,ChEMBL
CHEMBL121,CN(CCOc1ccc(CC2SC(=O)NC2=O)cc1)c1ccccn1,85.0,%,F,ChEMBL
CHEMBL52060,CCCC[C@H](N[C@@H](Cc1ccccc1)C(=O)N1CCC(OCOC)CC1)C(=O)N[C@@H](CC1CCCCC1)[C@@H](O)C[C@H](C(=O)NCCCN1CCOCC1)C(C)C,36.3,%,F,ChEMBL
CHEMBL52060,CCCC[C@H](N[C@@H](Cc1ccccc1)C(=O)N1CCC(OCOC)CC1)C(=O)N[C@@H](CC1CCCCC1)[C@@H](O)C[C@H](C(=O)NCCCN1CCOCC1)C(C)C,75.0,%,F,ChEMBL
CHEMBL52060,CCCC[C@H](N[C@@H](Cc1ccccc1)C(=O)N1CCC(OCOC)CC1)C(=O)N[C@@H](CC1CCCCC1)[C@@H](O)C[C@H](C(=O)NCCCN1CCOCC1)C(C)C,57.0,%,F,ChEMBL
CHEMBL411507,CC(C)[C@H](NC(=O)N1CCN(C)CC1)C(=O)N[C@@H](Cc1ccccc1)[C@@H](O)[C@H](Cc1ccccc1)NC(=O)[C@H](NC(=O)OCc1ccccc1)C(C)C,13.0,%,F,ChEMBL
CHEMBL325673,CC(C)[C@H](NS(=O)(=O)N(C)Cc1ccccn1)C(=O)N[C@@H](Cc1ccccc1)C(O)[C@H](Cc1ccccc1)NC(=O)[C@H](NS(=O)(=O)N(C)Cc1ccccn1)C(C)C,21.0,%,F,ChEMBL
CHEMBL321356,CCCC[C@H](N[C@@H](Cc1ccccc1)C(=O)N1CCC(OCOC)CC1)C(=O)N[C@@H](CC1CCCCC1)[C@@H](O)C[C@H](C(=O)NCc1ccccc1)C(C)C,7.0,%,F,ChEMBL
CHEMBL345450,COc1ccc(C[C@H](NC(=O)[C@]2(C)CCCN2S(=O)(=O)c2cc(Cl)cc(Cl)c2)C(=O)O)cc1,9.0,%,F,ChEMBL
CHEMBL345450,COc1ccc(C[C@H](NC(=O)[C@]2(C)CCCN2S(=O)(=O)c2cc(Cl)cc(Cl)c2)C(=O)O)cc1,9.0,%,F,ChEMBL
CHEMBL112186,CC(C)[C@H](NC(=O)OCc1cccnc1)C(=O)N[C@@H](Cc1ccccc1)C(O)[C@H](Cc1ccccc1)NC(=O)[C@H](NC(=O)OCc1cccnc1)C(C)C,2.1,%,F,ChEMBL
CHEMBL319985,CCCC[C@H](N[C@@H](Cc1ccccc1)C(=O)N1CCC(OCOC)CC1)C(=O)N[C@@H](CC1CCCCC1)[C@@H](O)C[C@H](C(=O)NCCNc1n[nH]c(N)n1)C(C)C,2.0,%,F,ChEMBL
CHEMBL325441,O=C(O)C(=O)c1cn(Cc2ccccc2)c2ccc(-c3ccc(OC(F)(F)F)cc3)cc12,32.0,%,F,ChEMBL
CHEMBL94171,O=c1c(-c2ccc(F)cc2)c(-c2ccnc(NCc3ccccc3)n2)n2n1CCC2,18.0,%,F,ChEMBL
CHEMBL324489,CN1CCN(C(=O)c2ccc3[nH]c(-c4cc5ccccc5nc4O)cc3c2)CC1,31.0,%,F,ChEMBL
CHEMBL324489,CN1CCN(C(=O)c2ccc3[nH]c(-c4cc5ccccc5nc4O)cc3c2)CC1,15.0,%,F,ChEMBL
CHEMBL324489,CN1CCN(C(=O)c2ccc3[nH]c(-c4cc5ccccc5nc4O)cc3c2)CC1,46.0,%,F,ChEMBL
CHEMBL308271,O=C1N(Cc2ccc(COP(=O)([O-])[O-])cc2)[C@H](Cc2ccccc2)[C@H](O)[C@@H](O)[C@@H](Cc2ccccc2)N1Cc1ccc(COP(=O)([O-])[O-])cc1.[K+].[K+].[K+].[K+],28.7,%,F,ChEMBL
CHEMBL308271,O=C1N(Cc2ccc(COP(=O)([O-])[O-])cc2)[C@H](Cc2ccccc2)[C@H](O)[C@@H](O)[C@@H](Cc2ccccc2)N1Cc1ccc(COP(=O)([O-])[O-])cc1.[K+].[K+].[K+].[K+],27.2,%,F,ChEMBL
CHEMBL21145,O=C1N(Cc2ccc(CO)cc2)[C@H](Cc2ccccc2)[C@H](O)[C@@H](O)[C@@H](Cc2ccccc2)N1Cc1ccc(CO)cc1,27.0,%,F,ChEMBL
CHEMBL21145,O=C1N(Cc2ccc(CO)cc2)[C@H](Cc2ccccc2)[C@H](O)[C@@H](O)[C@@H](Cc2ccccc2)N1Cc1ccc(CO)cc1,38.0,%,F,ChEMBL
CHEMBL352239,C[C@]1(C(=O)N[C@H](Cc2ccccc2)C(=O)O)CCCN1S(=O)(=O)c1cc(Cl)cc(Cl)c1,91.0,%,F,ChEMBL
CHEMBL352239,C[C@]1(C(=O)N[C@H](Cc2ccccc2)C(=O)O)CCCN1S(=O)(=O)c1cc(Cl)cc(Cl)c1,91.0,%,F,ChEMBL
CHEMBL103937,CCCC[C@H](N[C@@H](Cc1ccccc1)C(=O)N1CCC(OCOC)CC1)C(=O)N[C@@H](CC1CCCCC1)[C@@H](O)C[C@H](C(=O)NCCN1CCOCC1)C(C)C,50.0,%,F,ChEMBL
CHEMBL103937,CCCC[C@H](N[C@@H](Cc1ccccc1)C(=O)N1CCC(OCOC)CC1)C(=O)N[C@@H](CC1CCCCC1)[C@@H](O)C[C@H](C(=O)NCCN1CCOCC1)C(C)C,51.0,%,F,ChEMBL
CHEMBL103937,CCCC[C@H](N[C@@H](Cc1ccccc1)C(=O)N1CCC(OCOC)CC1)C(=O)N[C@@H](CC1CCCCC1)[C@@H](O)C[C@H](C(=O)NCCN1CCOCC1)C(C)C,52.0,%,F,ChEMBL
CHEMBL326043,CCCC[C@H](N[C@@H](Cc1ccccc1)C(=O)N1CCC(OCOC)CC1)C(=O)N[C@@H](CC1CCCCC1)[C@@H](O)C[C@H](C(=O)NCC(C)(C)N1CCOCC1)C(C)C,35.0,%,F,ChEMBL
CHEMBL326043,CCCC[C@H](N[C@@H](Cc1ccccc1)C(=O)N1CCC(OCOC)CC1)C(=O)N[C@@H](CC1CCCCC1)[C@@H](O)C[C@H](C(=O)NCC(C)(C)N1CCOCC1)C(C)C,63.0,%,F,ChEMBL
CHEMBL326043,CCCC[C@H](N[C@@H](Cc1ccccc1)C(=O)N1CCC(OCOC)CC1)C(=O)N[C@@H](CC1CCCCC1)[C@@H](O)C[C@H](C(=O)NCC(C)(C)N1CCOCC1)C(C)C,37.0,%,F,ChEMBL
CHEMBL100605,CCCC[C@H](N[C@@H](Cc1ccccc1)C(=O)N1CCC(OCOC)CC1)C(=O)N[C@@H](CC1CCCCC1)[C@@H](O)C[C@H](C(=O)NCC(C)(C)NCCO)C(C)C,1.0,%,F,ChEMBL
CHEMBL101075,CCCC[C@H](N[C@@H](Cc1ccccc1)C(=O)N1CCC(OCOC)CC1)C(=O)N[C@@H](CC1CCCCC1)[C@@H](O)C[C@H](C(=O)NCCc1ccccn1)C(C)C,11.0,%,F,ChEMBL
CHEMBL101075,CCCC[C@H](N[C@@H](Cc1ccccc1)C(=O)N1CCC(OCOC)CC1)C(=O)N[C@@H](CC1CCCCC1)[C@@H](O)C[C@H](C(=O)NCCc1ccccn1)C(C)C,14.0,%,F,ChEMBL
CHEMBL138084,C[C@](Cc1c[nH]c2ccccc12)(NC(=O)OC1C2CC3CC(C2)CC1C3)C(=O)N[C@@H]1CCCC[C@H]1O,8.9,%,F,ChEMBL
CHEMBL138084,C[C@](Cc1c[nH]c2ccccc12)(NC(=O)OC1C2CC3CC(C2)CC1C3)C(=O)N[C@@H]1CCCC[C@H]1O,13.0,%,F,ChEMBL
CHEMBL138084,C[C@](Cc1c[nH]c2ccccc12)(NC(=O)OC1C2CC3CC(C2)CC1C3)C(=O)N[C@@H]1CCCC[C@H]1O,9.6,%,F,ChEMBL
CHEMBL138084,C[C@](Cc1c[nH]c2ccccc12)(NC(=O)OC1C2CC3CC(C2)CC1C3)C(=O)N[C@@H]1CCCC[C@H]1O,28.0,%,F,ChEMBL
CHEMBL328614,O=C1NCc2c(-c3ccc(F)cc3Cl)cc(C3CCNCC3)cc2N1c1c(Cl)cccc1Cl,0.0,%,F,ChEMBL
CHEMBL327746,O=C1NCc2c(-c3ccc(F)cc3Cl)cc(CN3CCNCC3)cc2N1c1c(Cl)cccc1Cl,15.7,%,F,ChEMBL
CHEMBL59328,CC1(N2CCC(N(c3ccccc3)c3ccccc3)CC2)CCN(C(=O)c2cccc3ccccc23)CC1,100.0,%,F,ChEMBL
CHEMBL58004,Cc1nc[n+]([O-])c(C)c1C(=O)N1CCC(C)(N2CCC(N(c3ccccc3)c3ccccc3)CC2)CC1,58.0,%,F,ChEMBL
CHEMBL58004,Cc1nc[n+]([O-])c(C)c1C(=O)N1CCC(C)(N2CCC(N(c3ccccc3)c3ccccc3)CC2)CC1,94.0,%,F,ChEMBL
CHEMBL330282,CC[C@H](C)Nc1nccc(-c2c(-c3ccc(F)cc3)c(=O)n3n2CCC3)n1,10.0,%,F,ChEMBL
CHEMBL316065,COC[C@H](C)Nc1nccc(-c2c(-c3ccc(F)cc3)c(=O)n3n2CCC3)n1,63.0,%,F,ChEMBL
CHEMBL345613,C[C@@]1(C(=O)N[C@@H](Cc2ccc(C(F)(F)F)cc2)C(=O)O)CCCN1S(=O)(=O)c1cc(Cl)cc(Cl)c1,55.0,%,F,ChEMBL
CHEMBL345613,C[C@@]1(C(=O)N[C@@H](Cc2ccc(C(F)(F)F)cc2)C(=O)O)CCCN1S(=O)(=O)c1cc(Cl)cc(Cl)c1,55.0,%,F,ChEMBL
CHEMBL345455,O=C(O)[C@H](Cc1ccccn1)NC(=O)[C@@H]1CCCN1S(=O)(=O)c1cc(Cl)cc(Cl)c1,5.0,%,F,ChEMBL
CHEMBL345455,O=C(O)[C@H](Cc1ccccn1)NC(=O)[C@@H]1CCCN1S(=O)(=O)c1cc(Cl)cc(Cl)c1,5.0,%,F,ChEMBL
CHEMBL158726,C[C@@]1(C(=O)N[C@@H](Cc2ccc(F)cc2)C(=O)O)CCCN1S(=O)(=O)c1cc(Cl)cc(Cl)c1,53.0,%,F,ChEMBL
CHEMBL158726,C[C@@]1(C(=O)N[C@@H](Cc2ccc(F)cc2)C(=O)O)CCCN1S(=O)(=O)c1cc(Cl)cc(Cl)c1,53.0,%,F,ChEMBL
CHEMBL103940,CCCC[C@H](N[C@@H](Cc1ccccc1)C(=O)N1CCC(OCOC)CC1)C(=O)N[C@@H](CC1CCCCC1)[C@@H](O)C[C@H](C(=O)NCCC1CCCCC1)C(C)C,4.0,%,F,ChEMBL
CHEMBL113268,CC(C)[C@H](NC(=O)OCc1ccncc1)C(=O)N[C@@H](Cc1ccccc1)C(O)[C@H](Cc1ccccc1)NC(=O)[C@H](NC(=O)OCc1ccncc1)C(C)C,0.9,%,F,ChEMBL
CHEMBL49172,CCCC[C@H](N[C@@H](Cc1ccccc1)C(=O)N1CCC(OCOC)CC1)C(=O)N[C@@H](CC1CCCCC1)[C@@H](O)C[C@H](C(=O)NCCCn1ccnc1)C(C)C,1.0,%,F,ChEMBL
CHEMBL49172,CCCC[C@H](N[C@@H](Cc1ccccc1)C(=O)N1CCC(OCOC)CC1)C(=O)N[C@@H](CC1CCCCC1)[C@@H](O)C[C@H](C(=O)NCCCn1ccnc1)C(C)C,7.0,%,F,ChEMBL
CHEMBL49172,CCCC[C@H](N[C@@H](Cc1ccccc1)C(=O)N1CCC(OCOC)CC1)C(=O)N[C@@H](CC1CCCCC1)[C@@H](O)C[C@H](C(=O)NCCCn1ccnc1)C(C)C,2.0,%,F,ChEMBL
CHEMBL339053,O=C(N[C@H](Cc1ccc(Cl)cc1)C(=O)N1CCC(Cn2cncn2)(C2CCCCC2)CC1)[C@H]1Cc2ccccc2CN1,14.0,%,F,ChEMBL
CHEMBL339053,O=C(N[C@H](Cc1ccc(Cl)cc1)C(=O)N1CCC(Cn2cncn2)(C2CCCCC2)CC1)[C@H]1Cc2ccccc2CN1,16.0,%,F,ChEMBL
CHEMBL96143,CCCc1cc(Oc2ccc(F)c(C)c2)ccc1OCCCOc1cccc(C2SC(=O)NC2=O)c1,20.0,%,F,ChEMBL
CHEMBL96653,CN1CCC(c2cc(-c3ccc(F)cc3Cl)c3c(c2)N(c2c(Cl)cccc2Cl)C(=O)NC3)CC1,9.2,%,F,ChEMBL
CHEMBL351187,CC(C)(Nc1ccc(C(Cc2cc[n+]([O-])cc2)c2ccc(OC(F)F)c(OC(F)F)c2)cn1)c1ccccc1,100.0,%,F,ChEMBL
CHEMBL103160,CCCC[C@H](N[C@@H](Cc1ccccc1)C(=O)N1CCC(OCOC)CC1)C(=O)N[C@@H](CC1CCCCC1)[C@@H](O)C[C@H](C(=O)NCCN1CCCCC1)C(C)C,15.0,%,F,ChEMBL
CHEMBL103160,CCCC[C@H](N[C@@H](Cc1ccccc1)C(=O)N1CCC(OCOC)CC1)C(=O)N[C@@H](CC1CCCCC1)[C@@H](O)C[C@H](C(=O)NCCN1CCCCC1)C(C)C,33.0,%,F,ChEMBL
CHEMBL319832,CCCC[C@H](N[C@@H](Cc1ccccc1)C(=O)N1CCC(OCOC)CC1)C(=O)N[C@@H](CC1CCCCC1)[C@@H](O)C[C@H](C(=O)NCC(C)(C)N)C(C)C,24.0,%,F,ChEMBL
CHEMBL319832,CCCC[C@H](N[C@@H](Cc1ccccc1)C(=O)N1CCC(OCOC)CC1)C(=O)N[C@@H](CC1CCCCC1)[C@@H](O)C[C@H](C(=O)NCC(C)(C)N)C(C)C,12.0,%,F,ChEMBL
CHEMBL2062154,C[C@](Cc1c[nH]c2ccccc12)(NC(=O)OC1[C@H]2C[C@@H]3C[C@@H](C[C@H]1C3)C2)C(=O)NC[C@H](NC(=O)CCC(=O)O)c1ccccc1,3.2,%,F,ChEMBL
CHEMBL328242,CC(C)N1CCC(c2cc(-c3ccc(F)cc3Cl)c3c(c2)N(c2c(Cl)cccc2Cl)C(=O)NC3)CC1,16.0,%,F,ChEMBL
CHEMBL433694,C[C@]1(C(=O)N[C@@H](Cc2ccccc2)C(=O)O)CCCN1S(=O)(=O)c1cc(Cl)cc(Cl)c1,26.0,%,F,ChEMBL
CHEMBL433694,C[C@]1(C(=O)N[C@@H](Cc2ccccc2)C(=O)O)CCCN1S(=O)(=O)c1cc(Cl)cc(Cl)c1,26.0,%,F,ChEMBL
CHEMBL301454,Cc1cccc(C)c1C(=O)N1CCC(C)(N2CCC(N(Cc3ccccc3)c3ccccc3)CC2)CC1,85.0,%,F,ChEMBL
CHEMBL301454,Cc1cccc(C)c1C(=O)N1CCC(C)(N2CCC(N(Cc3ccccc3)c3ccccc3)CC2)CC1,4.0,%,F,ChEMBL
CHEMBL286224,[O-][n+]1ccc(CC(c2ccc(C(O)(C(F)(F)F)C(F)(F)F)cc2)c2ccc(OC(F)F)c(OC(F)F)c2)cc1,70.0,%,F,ChEMBL
CHEMBL100800,CCCC[C@H](N[C@@H](Cc1ccccc1)C(=O)N1CCC(OCOC)CC1)C(=O)N[C@@H](CC1CCCCC1)[C@@H](O)C[C@H](C(=O)NCCC(=O)O)C(C)C,14.0,%,F,ChEMBL
CHEMBL103938,CCCC[C@H](N[C@@H](Cc1ccccc1)C(=O)N1CCC(OCOC)CC1)C(=O)N[C@@H](CC1CCCCC1)[C@@H](O)C[C@H](C(=O)NCCN1CCCC1)C(C)C,29.0,%,F,ChEMBL
CHEMBL323809,CC(C)[C@H](NC(=O)N(C)Cc1cccnc1)C(=O)N[C@@H](Cc1ccccc1)[C@H](O)[C@H](O)[C@H](Cc1ccccc1)NC(=O)[C@H](NC(=O)N(C)Cc1cccnc1)C(C)C,17.0,%,F,ChEMBL
CHEMBL325731,CC(C)[C@H](NS(=O)(=O)N(C)Cc1ccccn1)C(=O)N[C@@H](Cc1ccccc1)[C@H](O)[C@H](O)[C@H](Cc1ccccc1)NC(=O)[C@H](NS(=O)(=O)N(C)Cc1ccccn1)C(C)C,11.0,%,F,ChEMBL
CHEMBL118569,COCCN(C)CCOc1ccc2[nH]c(-c3cc4ccccc4nc3O)cc2c1,20.0,%,F,ChEMBL
CHEMBL96451,CCCc1cc(Oc2ccc(F)cc2)ccc1OCCCOc1cccc(C2SC(=O)NC2=O)c1,66.0,%,F,ChEMBL
CHEMBL319556,O=C1NCc2c(-c3ccc(F)cc3F)cc(C3CCNCC3)cc2N1c1c(Cl)cccc1Cl,4.3,%,F,ChEMBL
CHEMBL62152,Cc1cccc(C)c1C(=O)N1CCC(C)(N2CCC(N(c3ccccc3)c3ccccc3)CC2)CC1,0.0,%,F,ChEMBL
CHEMBL62152,Cc1cccc(C)c1C(=O)N1CCC(C)(N2CCC(N(c3ccccc3)c3ccccc3)CC2)CC1,62.0,%,F,ChEMBL
CHEMBL138657,C[C@](Cc1c[nH]c2ccccc12)(NC(=O)OC1C2CC3CC(C2)CC1C3)C(=O)N[C@H](CO)Cc1ccccc1,2.0,%,F,ChEMBL
CHEMBL138657,C[C@](Cc1c[nH]c2ccccc12)(NC(=O)OC1C2CC3CC(C2)CC1C3)C(=O)N[C@H](CO)Cc1ccccc1,9.6,%,F,ChEMBL
CHEMBL138657,C[C@](Cc1c[nH]c2ccccc12)(NC(=O)OC1C2CC3CC(C2)CC1C3)C(=O)N[C@H](CO)Cc1ccccc1,9.6,%,F,ChEMBL
CHEMBL138657,C[C@](Cc1c[nH]c2ccccc12)(NC(=O)OC1C2CC3CC(C2)CC1C3)C(=O)N[C@H](CO)Cc1ccccc1,16.0,%,F,ChEMBL
CHEMBL327217,O=C(c1cc(-c2ccc(F)cc2F)c2c(c1)N(c1c(Cl)cccc1Cl)C(=O)NC2)N1CCNCC1,1.5,%,F,ChEMBL
CHEMBL419134,O=C1NCc2c(-c3ccc(F)cc3Cl)cc(C3CCN(CC4CC4)CC3)cc2N1c1c(Cl)cccc1Cl,22.6,%,F,ChEMBL
CHEMBL155800,C[C@@]1(C(=O)N[C@@H](Cc2ccc(OC(F)(F)F)cc2)C(=O)O)CCCN1S(=O)(=O)c1cc(Cl)cc(Cl)c1,34.0,%,F,ChEMBL
CHEMBL155800,C[C@@]1(C(=O)N[C@@H](Cc2ccc(OC(F)(F)F)cc2)C(=O)O)CCCN1S(=O)(=O)c1cc(Cl)cc(Cl)c1,34.0,%,F,ChEMBL
CHEMBL204021,CCN(CC)CCN(Cc1ccc(-c2ccc(C(F)(F)F)cc2)cc1)C(=O)Cn1c(SCc2ccc(F)cc2)nc(=O)c2c1CCC2,11.0,%,F,ChEMBL
CHEMBL204021,CCN(CC)CCN(Cc1ccc(-c2ccc(C(F)(F)F)cc2)cc1)C(=O)Cn1c(SCc2ccc(F)cc2)nc(=O)c2c1CCC2,28.0,%,F,ChEMBL
CHEMBL157147,C[C@@]1(C(=O)N[C@H](Cc2ccccc2)C(=O)O)CCCN1S(=O)(=O)c1cc(Cl)cc(Cl)c1,22.0,%,F,ChEMBL
CHEMBL157147,C[C@@]1(C(=O)N[C@H](Cc2ccccc2)C(=O)O)CCCN1S(=O)(=O)c1cc(Cl)cc(Cl)c1,22.0,%,F,ChEMBL
CHEMBL320665,CCCC[C@H](N[C@@H](Cc1ccccc1)C(=O)N1CCC(OCOC)CC1)C(=O)N[C@@H](CC1CCCCC1)[C@@H](O)C[C@H](C(=O)NCc1ccncc1)C(C)C,11.0,%,F,ChEMBL
CHEMBL318340,CCCC[C@H](N[C@@H](Cc1ccccc1)C(=O)N1CCC(OCOC)CC1)C(=O)N[C@@H](CC1CCCCC1)[C@@H](O)C[C@H](C(=O)NCCN)C(C)C,0.0,%,F,ChEMBL
CHEMBL318340,CCCC[C@H](N[C@@H](Cc1ccccc1)C(=O)N1CCC(OCOC)CC1)C(=O)N[C@@H](CC1CCCCC1)[C@@H](O)C[C@H](C(=O)NCCN)C(C)C,10.0,%,F,ChEMBL
CHEMBL106486,CC(C)[C@H](NC(=O)OCc1ccccn1)C(=O)N[C@@H](Cc1ccccc1)C(O)[C@H](Cc1ccccc1)NC(=O)[C@H](NC(=O)OCc1ccccn1)C(C)C,19.0,%,F,ChEMBL
CHEMBL94825,O=C1NCc2c(-c3ccccc3Cl)cc(OC3CCNCC3)cc2N1c1c(Cl)cccc1Cl,6.3,%,F,ChEMBL
CHEMBL264627,O=C1NCc2c(-c3ccc(F)cc3Cl)cc(C3CCN(CC4CCC4)CC3)cc2N1c1c(Cl)cccc1Cl,11.6,%,F,ChEMBL
CHEMBL10921,CCN(CC)CCN(Cc1ccc(-c2ccc(C(F)(F)F)cc2)cc1)C(=O)Cn1cc(Cc2cnn(C)c2)c(=O)nc1SCc1ccc(F)cc1,13.0,%,F,ChEMBL
CHEMBL10921,CCN(CC)CCN(Cc1ccc(-c2ccc(C(F)(F)F)cc2)cc1)C(=O)Cn1cc(Cc2cnn(C)c2)c(=O)nc1SCc1ccc(F)cc1,2.0,%,F,ChEMBL
CHEMBL10921,CCN(CC)CCN(Cc1ccc(-c2ccc(C(F)(F)F)cc2)cc1)C(=O)Cn1cc(Cc2cnn(C)c2)c(=O)nc1SCc1ccc(F)cc1,24.0,%,F,ChEMBL
CHEMBL93281,C[C@H](Nc1nccc(-c2c(-c3ccc(F)cc3)c(=O)n3n2CCC3)n1)C(C)(C)O,25.0,%,F,ChEMBL
CHEMBL61373,Cc1nc(-c2ccncc2)nc(C)c1C(=O)N1CCC(C)(N2CCC(N(c3ccccc3)c3ccccc3)CC2)CC1,57.0,%,F,ChEMBL
CHEMBL318684,CCCc1cc(Oc2ccc(Cl)c(Cl)c2)ccc1OCCCOc1cccc(C2SC(=O)NC2=O)c1,19.0,%,F,ChEMBL
CHEMBL96345,CCN1CCC(c2cc(-c3ccc(F)cc3Cl)c3c(c2)N(c2c(Cl)cccc2Cl)C(=O)NC3)CC1,20.0,%,F,ChEMBL
CHEMBL349096,C[C@@]1(C(=O)N[C@@H](Cc2ccccc2)C(=O)O)CCCN1S(=O)(=O)c1cc(Cl)cc(Cl)c1,59.0,%,F,ChEMBL
CHEMBL349096,C[C@@]1(C(=O)N[C@@H](Cc2ccccc2)C(=O)O)CCCN1S(=O)(=O)c1cc(Cl)cc(Cl)c1,59.0,%,F,ChEMBL
CHEMBL349096,C[C@@]1(C(=O)N[C@@H](Cc2ccccc2)C(=O)O)CCCN1S(=O)(=O)c1cc(Cl)cc(Cl)c1,39.0,%,F,ChEMBL
CHEMBL349096,C[C@@]1(C(=O)N[C@@H](Cc2ccccc2)C(=O)O)CCCN1S(=O)(=O)c1cc(Cl)cc(Cl)c1,39.0,%,F,ChEMBL
CHEMBL349096,C[C@@]1(C(=O)N[C@@H](Cc2ccccc2)C(=O)O)CCCN1S(=O)(=O)c1cc(Cl)cc(Cl)c1,23.0,%,F,ChEMBL
CHEMBL349096,C[C@@]1(C(=O)N[C@@H](Cc2ccccc2)C(=O)O)CCCN1S(=O)(=O)c1cc(Cl)cc(Cl)c1,23.0,%,F,ChEMBL
CHEMBL349096,C[C@@]1(C(=O)N[C@@H](Cc2ccccc2)C(=O)O)CCCN1S(=O)(=O)c1cc(Cl)cc(Cl)c1,42.0,%,F,ChEMBL
CHEMBL349096,C[C@@]1(C(=O)N[C@@H](Cc2ccccc2)C(=O)O)CCCN1S(=O)(=O)c1cc(Cl)cc(Cl)c1,42.0,%,F,ChEMBL
CHEMBL103463,CCCC[C@H](N[C@@H](Cc1ccccc1)C(=O)N1CCC(OCOC)CC1)C(=O)N[C@@H](CC1CCCCC1)[C@@H](O)C[C@H](C(=O)NCc1cccnc1)C(C)C,160.0,%,F,ChEMBL
CHEMBL113554,CC(C)[C@H](NC(=O)N(C)Cc1ccccn1)C(=O)N[C@@H](Cc1ccccc1)C(O)[C@H](Cc1ccccc1)NC(=O)[C@H](NC(=O)N(C)Cc1ccccn1)C(C)C,11.0,%,F,ChEMBL
CHEMBL433400,CCCC[C@H](N[C@@H](Cc1ccccc1)C(=O)N1CCC(OCOC)CC1)C(=O)N[C@@H](CC1CCCCC1)[C@@H](O)C[C@H](C(=O)NCCNc1noc(N)n1)C(C)C,7.0,%,F,ChEMBL
CHEMBL92082,C[C@H](Nc1nccc(-c2c(-c3ccc(F)cc3)c(=O)n3n2CCC3)n1)c1ccccc1,29.0,%,F,ChEMBL
CHEMBL94306,CCCc1cc(Oc2ccccc2)ccc1OCCCOc1cccc(C2SC(=O)NC2=O)c1,62.0,%,F,ChEMBL
CHEMBL101181,CCCC[C@H](N[C@@H](Cc1ccccc1)C(=O)N1CCC(OCOC)CC1)C(=O)N[C@@H](CC1CCCCC1)[C@@H](O)C[C@H](C(=O)NCCC[N+]1([O-])CCOCC1)C(C)C,6.0,%,F,ChEMBL
CHEMBL101181,CCCC[C@H](N[C@@H](Cc1ccccc1)C(=O)N1CCC(OCOC)CC1)C(=O)N[C@@H](CC1CCCCC1)[C@@H](O)C[C@H](C(=O)NCCC[N+]1([O-])CCOCC1)C(C)C,20.0,%,F,ChEMBL
CHEMBL117983,CN1CCN(S(=O)(=O)c2ccc3[nH]c(-c4cc5ccccc5nc4O)cc3c2)CC1,54.0,%,F,ChEMBL
CHEMBL117983,CN1CCN(S(=O)(=O)c2ccc3[nH]c(-c4cc5ccccc5nc4O)cc3c2)CC1,63.0,%,F,ChEMBL
CHEMBL117983,CN1CCN(S(=O)(=O)c2ccc3[nH]c(-c4cc5ccccc5nc4O)cc3c2)CC1,40.0,%,F,ChEMBL
CHEMBL96487,O=C1NCc2c(-c3ccccc3Cl)cc(N3CCNCC3)cc2N1c1c(Cl)cccc1Cl,22.7,%,F,ChEMBL
CHEMBL318934,CC(C1CC1)N1CCC(c2cc(-c3ccc(F)cc3Cl)c3c(c2)N(c2c(Cl)cccc2Cl)C(=O)NC3)CC1,38.0,%,F,ChEMBL
CHEMBL316604,CC(C)(C)N1CCC(c2cc(-c3ccc(F)cc3Cl)c3c(c2)N(c2c(Cl)cccc2Cl)C(=O)NC3)CC1,67.7,%,F,ChEMBL
CHEMBL347903,O=C(O)[C@H](Cc1ccccc1)NC(=O)[C@@H]1CCCN1S(=O)(=O)c1cc(Cl)cc(Cl)c1,46.0,%,F,ChEMBL
CHEMBL347903,O=C(O)[C@H](Cc1ccccc1)NC(=O)[C@@H]1CCCN1S(=O)(=O)c1cc(Cl)cc(Cl)c1,46.0,%,F,ChEMBL
CHEMBL323464,CCCCS(=O)(=O)N(CCC)CCN1C[C@H](c2ccc3c(c2)OCO3)[C@@H](C(=O)O)[C@@H]1c1ccc(OC)c(F)c1,31.0,%,F,ChEMBL
CHEMBL419777,CS(=O)(=O)c1ccc(-c2[nH]c(C#N)cc2-c2ccc(F)cc2)cc1,134.0,%,F,ChEMBL
CHEMBL111277,CCCCCS(=O)(=O)N(CCC)CCN1C[C@H](c2ccc3c(c2)OCO3)[C@@H](C(=O)O)[C@@H]1c1ccc(OC)c(F)c1,54.0,%,F,ChEMBL
CHEMBL419367,CCCN(CCN1C[C@H](c2ccc3c(c2)OCO3)[C@@H](C(=O)O)[C@@H]1c1ccc(OC)c(F)c1)S(=O)(=O)CCCC(F)(F)F,25.0,%,F,ChEMBL
CHEMBL332703,COc1ccc(S(=O)(=O)c2ccc(C3(C4CCN(C5CCN(C(=O)c6cccc(C)c6N)CC5)CC4)OCCO3)cc2)cc1,80.0,%,F,ChEMBL
CHEMBL332703,COc1ccc(S(=O)(=O)c2ccc(C3(C4CCN(C5CCN(C(=O)c6cccc(C)c6N)CC5)CC4)OCCO3)cc2)cc1,15.0,%,F,ChEMBL
CHEMBL110578,N=C(N)NC(=O)[C@H]1C[C@@H]1c1cc(Cl)ccc1Cl,13.0,%,F,ChEMBL
CHEMBL340717,CS(=O)(=O)c1ccc(-c2[nH]c(Cl)cc2-c2ccc(F)cc2)cc1,100.0,%,F,ChEMBL
CHEMBL114393,N=C(N)NC(=O)[C@H]1C[C@@H]1c1cccc2c1CCO2,49.0,%,F,ChEMBL
CHEMBL115021,CCCc1nc(CC)c(C(=O)O)n1Cc1ccc(-c2ccccc2-c2nn[nH]n2)cc1,15.0,%,F,ChEMBL
CHEMBL289023,CC(C)(O)c1ccc(C(Cc2cc[n+]([O-])cc2)c2ccc(OC(F)F)c(OC(F)F)c2)cc1,55.0,%,F,ChEMBL
CHEMBL128965,C#C/C=C(\c1ccccc1)c1cc2c(cc1F)nc(N)n2S(=O)(=O)C(C)C,46.0,%,F,ChEMBL
CHEMBL74141,COc1ccc(S(=O)(=O)c2ccc(C3(C4CCN(C5CCN(C(=O)c6ccc(F)c7ccccc67)CC5)CC4)OCCO3)cc2)cc1,44.0,%,F,ChEMBL
CHEMBL74141,COc1ccc(S(=O)(=O)c2ccc(C3(C4CCN(C5CCN(C(=O)c6ccc(F)c7ccccc67)CC5)CC4)OCCO3)cc2)cc1,9.0,%,F,ChEMBL
CHEMBL431651,CCCOc1ccc2c(c1)[C@@H](c1ccc(OC)cc1OCCO)[C@H](C(=O)O)[C@H]2c1ccc2c(c1)OCO2,60.0,%,F,ChEMBL
CHEMBL177319,CS(=O)(=O)c1ccc(-c2[nH]c(Br)c(Br)c2-c2ccc(F)cc2)cc1,85.0,%,F,ChEMBL
CHEMBL191,CCCCc1nc(Cl)c(CO)n1Cc1ccc(-c2ccccc2-c2nnn[nH]2)cc1,33.0,%,F,ChEMBL
CHEMBL300936,CC(C)(C)c1cnc(CSc2cnc(NC(=O)Cc3ccc(CNC(CO)CO)cc3)s2)o1,24.0,%,F,ChEMBL
CHEMBL443269,CCCc1nc(C(F)(F)C(F)(F)F)c(C(=O)O)n1Cc1ccc(-c2ccccc2-c2nn[nH]n2)cc1,12.0,%,F,ChEMBL
CHEMBL40221,C#C/C=C(\c1ccc(F)cc1)c1ccc2nc(N)n(S(=O)(=O)C(C)C)c2c1,23.0,%,F,ChEMBL
CHEMBL57242,CCOc1nc2cccc(C(=O)O)c2n1Cc1ccc(-c2ccccc2-c2noc(=O)[nH]2)cc1,20.0,%,F,ChEMBL
CHEMBL325581,CCCN(CCN1C[C@H](c2ccc3c(c2)OCO3)[C@@H](C(=O)O)[C@@H]1c1ccc(OC)c(F)c1)S(=O)(=O)CCCCl,25.0,%,F,ChEMBL
CHEMBL266000,[O-][n+]1ccc(CC(c2ccc(C3(O)CCC3)cc2)c2ccc(OC(F)F)c(OC(F)F)c2)cc1,100.0,%,F,ChEMBL
CHEMBL240725,Cc1c(S(=O)(=O)c2ccc(=O)[nH]n2)oc2ccc(Cl)cc12,98.0,%,F,ChEMBL
CHEMBL316104,COc1ccc(N(C(=O)CN2C(=O)C(C)(Cc3nn(C)c4ccccc34)C(=O)N(c3ccccc3)c3ccccc32)C(C)C)cc1,4.0,%,F,ChEMBL
CHEMBL957,COc1ccccc1Oc1c(NS(=O)(=O)c2ccc(C(C)(C)C)cc2)nc(-c2ncccn2)nc1OCCO,30.0,%,F,ChEMBL
CHEMBL318360,CCCN1C(=O)[C@H](NC(=O)Nc2cccc(C)c2)N=C(N2CCN(C)CC2)c2ccccc21,51.0,%,F,ChEMBL
CHEMBL129059,Cc1cc(OCC/C=N/N=C(N)N)cc(OS(=O)(=O)c2ccccc2C#N)c1,21.0,%,F,ChEMBL
CHEMBL129059,Cc1cc(OCC/C=N/N=C(N)N)cc(OS(=O)(=O)c2ccccc2C#N)c1,21.0,%,F,ChEMBL
CHEMBL129861,Cn1c(Br)cc(-c2ccc(F)cc2)c1-c1ccc(S(C)(=O)=O)cc1,64.0,%,F,ChEMBL
CHEMBL1017,CCCc1nc2c(C)cc(-c3nc4ccccc4n3C)cc2n1Cc1ccc(-c2ccccc2C(=O)O)cc1,43.0,%,F,ChEMBL
CHEMBL293226,COc1ccc(N(C(=O)CN2C(=O)C(Cc3n[nH]c4ccccc34)C(=O)N(c3ccccc3)c3ccccc32)C(C)C)cc1,8.0,%,F,ChEMBL
CHEMBL293226,COc1ccc(N(C(=O)CN2C(=O)C(Cc3n[nH]c4ccccc34)C(=O)N(c3ccccc3)c3ccccc32)C(C)C)cc1,16.0,%,F,ChEMBL
CHEMBL305379,CN(C)C(=N)c1ccc(CN2CCN(S(=O)(=O)c3cc4cc(Cl)ccc4[nH]3)CC2=O)cc1,4.1,%,F,ChEMBL
CHEMBL311795,Cc1ncnc(C)c1C(=O)N1CCC(C)(N2CCN([C@@H](C)c3ccc(C(F)(F)F)cc3)[C@@H](C)C2)CC1,97.0,%,F,ChEMBL
CHEMBL311795,Cc1ncnc(C)c1C(=O)N1CCC(C)(N2CCN([C@@H](C)c3ccc(C(F)(F)F)cc3)[C@@H](C)C2)CC1,50.0,%,F,ChEMBL
CHEMBL558365,CCC[C@H]1C(=O)N(S(C)(=O)=O)[C@H]2CN(C(=O)CCN3CCCCC3)C[C@H]12.Cl,49.0,%,F,ChEMBL
CHEMBL558365,CCC[C@H]1C(=O)N(S(C)(=O)=O)[C@H]2CN(C(=O)CCN3CCCCC3)C[C@H]12.Cl,49.0,%,F,ChEMBL
CHEMBL558367,CC(C)[C@@H]1C(=O)N(S(C)(=O)=O)[C@@H]2CN(C(=O)/C=C/CN3CCCCC3)C[C@H]21.Cl,60.0,%,F,ChEMBL
CHEMBL558367,CC(C)[C@@H]1C(=O)N(S(C)(=O)=O)[C@@H]2CN(C(=O)/C=C/CN3CCCCC3)C[C@H]21.Cl,100.0,%,F,ChEMBL
CHEMBL126418,CS(=O)(=O)c1ccc(-c2[nH]c(Br)cc2-c2ccc(F)cc2)cc1,106.0,%,F,ChEMBL
CHEMBL113443,CC1(C)[C@H](C(=O)N=C(N)N)[C@H]1c1cc(Cl)ccc1Cl,47.0,%,F,ChEMBL
CHEMBL554876,Cl.Nc1nc(O)c2[nH]c(N)c(Cc3ccsc3)c2n1,60.0,%,F,ChEMBL
CHEMBL109644,CCCCCCS(=O)(=O)N(CCC)CCN1C[C@H](c2ccc3c(c2)OCO3)[C@@H](C(=O)O)[C@@H]1c1ccc(OC)c(F)c1,40.0,%,F,ChEMBL
CHEMBL9194,CCCCN(CCCC)C(=O)CN1C[C@H](c2ccc3c(c2)OCO3)[C@@H](C(=O)O)[C@@H]1c1ccc(OC)cc1,70.0,%,F,ChEMBL
CHEMBL339778,O=C(O)CN(CC(=O)N[C@@H](Cc1ccc(OCc2c(Cl)cccc2Cl)cc1)C(=O)O)S(=O)(=O)c1ccccc1,26.9,%,F,ChEMBL
CHEMBL338444,Cc1cc(OCC/C=N/N=C(N)N)cc(OS(=O)(=O)c2ccccc2Cl)c1,23.0,%,F,ChEMBL
CHEMBL338444,Cc1cc(OCC/C=N/N=C(N)N)cc(OS(=O)(=O)c2ccccc2Cl)c1,23.0,%,F,ChEMBL
CHEMBL338444,Cc1cc(OCC/C=N/N=C(N)N)cc(OS(=O)(=O)c2ccccc2Cl)c1,60.0,%,F,ChEMBL
CHEMBL51879,CC1(C)[C@H](C(=O)N=C(N)N)[C@H]1c1cccc2c1CCO2,63.0,%,F,ChEMBL
CHEMBL327815,COc1ccc(N(C(=O)CN2C(=O)C(Cc3n[nH]c4ccccc34)(OC)C(=O)N(c3ccccc3)c3ccccc32)C(C)C)cc1,5.0,%,F,ChEMBL
CHEMBL294121,CN1CCN=C1c1ccc(C(=O)N2CCN(S(=O)(=O)c3cc4cc(Cl)ccc4[nH]3)CC2)cc1,1.4,%,F,ChEMBL
CHEMBL553757,CCN(CC)CCNC(=O)c1ccc(NS(C)(=O)=O)cc1.Cl,41.0,%,F,ChEMBL
CHEMBL291582,CCCc1nc(CC)c(C=O)n1Cc1ccc(-c2ccccc2-c2nn[nH]n2)cc1,70.0,%,F,ChEMBL
CHEMBL8978,CCCc1cc(C(=O)O)ccc1OC(C(=O)NS(=O)(=O)c1ccc(C(C)C)cc1)c1ccc2c(c1)OCO2,60.0,%,F,ChEMBL
CHEMBL557364,CC(C)[C@H]1C(=O)N(S(C)(=O)=O)[C@H]2CN(C(=O)CCN3CCCCC3)C[C@H]12.Cl,70.0,%,F,ChEMBL
CHEMBL88629,COc1ccc(N(C(=O)CN2C(=O)C(C)(Cc3n[nH]c4ccccc34)C(=O)N(c3ccccc3)c3ccccc32)C(C)C)cc1,15.0,%,F,ChEMBL
CHEMBL288046,Cn1cncc1C(OCc1nc(Cl)c(C#N)cc1-c1cccc(Cl)c1)c1ccc(C#N)cc1,14.0,%,F,ChEMBL
CHEMBL322698,O=C(NNc1nc2ccccc2n2cccc12)c1cnccn1,45.0,%,F,ChEMBL
CHEMBL159496,CC(C)c1nc(CN(C)C(=O)N[C@@H](C(=O)N[C@@H](Cc2ccccc2)C[C@H](O)[C@H](Cc2ccccc2)NC(=O)OCc2cncs2)C(C)C)cs1,86.2,%,F,ChEMBL
CHEMBL159496,CC(C)c1nc(CN(C)C(=O)N[C@@H](C(=O)N[C@@H](Cc2ccccc2)C[C@H](O)[C@H](Cc2ccccc2)NC(=O)OCc2cncs2)C(C)C)cs1,42.5,%,F,ChEMBL
CHEMBL159496,CC(C)c1nc(CN(C)C(=O)N[C@@H](C(=O)N[C@@H](Cc2ccccc2)C[C@H](O)[C@H](Cc2ccccc2)NC(=O)OCc2cncs2)C(C)C)cs1,21.8,%,F,ChEMBL
CHEMBL38616,Cn1cncc1C(OCc1ccc(C#N)cc1-c1cccc(Cl)c1)c1ccc(C#N)nc1,9.4,%,F,ChEMBL
CHEMBL263806,CC1(C)CNc2c(cc(CCC(=O)N3CCN(CC(=O)N4CCOCC4)CC3)cc2S(=O)(=O)N[C@@H](Cc2nc3ccccc3s2)C(=O)N2CCC(CCF)CC2)C1,38.0,%,F,ChEMBL
CHEMBL263806,CC1(C)CNc2c(cc(CCC(=O)N3CCN(CC(=O)N4CCOCC4)CC3)cc2S(=O)(=O)N[C@@H](Cc2nc3ccccc3s2)C(=O)N2CCC(CCF)CC2)C1,28.0,%,F,ChEMBL
CHEMBL3350270,CC[C@H](C)NC1=NS(=O)(=O)c2sc(Cl)cc2N1,49.0,%,F,ChEMBL
CHEMBL286538,C[C@]1(C(=O)N[C@@H](Cc2ccc(-c3ccccc3OC3CC3)cc2)C(=O)O)CCCO1,76.0,%,F,ChEMBL
CHEMBL286538,C[C@]1(C(=O)N[C@@H](Cc2ccc(-c3ccccc3OC3CC3)cc2)C(=O)O)CCCO1,76.0,%,F,ChEMBL
CHEMBL538592,Cc1cccc(C)c1OCC(=O)N[C@@H](Cc1ccccc1)[C@H](OC(=O)CCC(=O)NCCN)C(=O)N1CSC(C)(C)[C@H]1C(=O)NC(C)(C)C.Cl,17.5,%,F,ChEMBL
CHEMBL537258,Cc1cccc(C)c1OCC(=O)N[C@@H](Cc1ccccc1)[C@H](OC(=O)CCCC(=O)NCCN)C(=O)N1CSC(C)(C)[C@H]1C(=O)NC(C)(C)C.Cl,9.4,%,F,ChEMBL
CHEMBL545772,Cc1cccc(C)c1OCC(=O)N[C@@H](Cc1ccccc1)[C@H](OC(=O)CCC(=O)NCc1cccnc1)C(=O)N1CSC(C)(C)[C@H]1C(=O)NC(C)(C)C.Cl,26.4,%,F,ChEMBL
CHEMBL557177,Cc1cccc(C)c1OCC(=O)N[C@@H](Cc1ccccc1)[C@H](OC(=O)CCC(=O)NCc1ccncc1)C(=O)N1CSC(C)(C)[C@H]1C(=O)NC(C)(C)C.Cl,29.0,%,F,ChEMBL
CHEMBL181,CC1=Nc2ccc(Cl)cc2S(=O)(=O)N1,154.0,%,F,ChEMBL
CHEMBL131517,CCCC(=O)NCC(=O)N(C)c1ccc(Cl)c(COc2cccn3c(Br)c(C)nc23)c1Cl,90.0,%,BA,ChEMBL
CHEMBL290597,C[C@]1(C(=O)N[C@@H](Cc2ccc(-n3ccccc3=O)cc2)C(=O)O)CCCO1,27.0,%,F,ChEMBL
CHEMBL290597,C[C@]1(C(=O)N[C@@H](Cc2ccc(-n3ccccc3=O)cc2)C(=O)O)CCCO1,27.0,%,F,ChEMBL
CHEMBL280847,Cn1cncc1C(NN1CCC(C#N)=C(c2cccc3ccccc23)C1)c1ccc(C#N)cc1,27.0,%,F,ChEMBL
CHEMBL37194,Cn1cncc1C(OCc1ccc(C#N)nc1-c1cccc(OC(F)(F)F)c1)c1ccc(C#N)cc1,73.0,%,F,ChEMBL
CHEMBL7264,CCNc1cccnc1N1CCN(C(=O)c2cc3cc(OC)ccc3[nH]2)CC1.CS(=O)(=O)O,50.0,%,F,ChEMBL
CHEMBL7264,CCNc1cccnc1N1CCN(C(=O)c2cc3cc(OC)ccc3[nH]2)CC1.CS(=O)(=O)O,62.0,%,F,ChEMBL
CHEMBL2111887,CC[C@@H](C)NC1=NS(=O)(=O)c2sc(Cl)cc2N1,90.0,%,F,ChEMBL
CHEMBL117368,Nc1ccc2cccc(Nc3ncccn3)c2n1,38.0,%,F,ChEMBL
CHEMBL41748,Cn1cncc1C(OCc1ccc(C#N)cc1)c1ccc(C#N)c(-c2cccc3ccccc23)c1,29.0,%,F,ChEMBL
CHEMBL41748,Cn1cncc1C(OCc1ccc(C#N)cc1)c1ccc(C#N)c(-c2cccc3ccccc23)c1,65.0,%,F,ChEMBL
CHEMBL280857,COc1ccccc1-c1ccc(C[C@@H](NC(=O)[C@@]2(C)CCCO2)C(=O)O)cc1,57.0,%,F,ChEMBL
CHEMBL280857,COc1ccccc1-c1ccc(C[C@@H](NC(=O)[C@@]2(C)CCCO2)C(=O)O)cc1,57.0,%,F,ChEMBL
CHEMBL540065,Cc1cccc(C)c1OCC(=O)N[C@@H](Cc1ccccc1)[C@H](OC(=O)CCC(=O)NCCCN1CCOCC1)C(=O)N1CSC(C)(C)[C@H]1C(=O)NC(C)(C)C.Cl,6.9,%,F,ChEMBL
CHEMBL39805,CC(=O)N1CCN(c2nc(COC(c3ccc(C#N)cc3)c3cncn3C)c(-c3cccc(Cl)c3)cc2C#N)CC1,12.0,%,F,ChEMBL
CHEMBL131971,CC(C)NC1=NS(=O)(=O)c2sc(Cl)cc2N1,65.0,%,F,ChEMBL
CHEMBL132620,Cc1nc2c(OCc3c(Cl)ccc(N(C)C(=O)CNC(=O)CN(C)C)c3Cl)cccn2c1Br,32.8,%,BA,ChEMBL
CHEMBL43455,COc1cccc(-c2cc(C#N)ccc2COC(c2ccc(C#N)cc2)c2cncn2C)c1,35.0,%,F,ChEMBL
CHEMBL43455,COc1cccc(-c2cc(C#N)ccc2COC(c2ccc(C#N)cc2)c2cncn2C)c1,2.3,%,F,ChEMBL
CHEMBL38941,Cn1cncc1C(OCc1nc(N2CCC(O)CC2)c(C#N)cc1-c1cccc(Cl)c1)c1ccc(C#N)cc1,14.0,%,F,ChEMBL
CHEMBL35270,COc1ccccc1-c1ccc(C[C@H](NC(=O)C2(C)CCCO2)C(=O)O)cc1,72.0,%,F,ChEMBL
CHEMBL78671,O=C1N(Cc2ccc3[nH]ncc3c2)[C@H](Cc2ccccc2)[C@H](O)[C@@H](O)[C@@H](Cc2ccccc2)N1Cc1ccc2[nH]ncc2c1,13.0,%,F,ChEMBL
CHEMBL135191,CC1(NC2=NS(=O)(=O)c3sc(Cl)cc3N2)CC1,103.0,%,F,ChEMBL
CHEMBL71588,O=C(O)CCC[C@H](O)[C@H](O)/C=C/C=C/C=C/C=C/[C@H](O)COc1ccc(F)cc1,13.0,%,F,ChEMBL
CHEMBL82433,O=c1cc(-c2ccc3c(c2)ncn3-c2ccccc2)ccn1CCCN1CCCCC1,73.0,%,F,ChEMBL
CHEMBL30059,N#CC1=C(c2cccc3ccccc23)CN(C(=O)Cc2cncn2Cc2ccc(C#N)cc2)CC1,10.0,%,F,ChEMBL
CHEMBL288901,Cn1cncc1C(OCc1nc(N2CCC(C(N)=O)CC2)c(C#N)cc1-c1cccc(Cl)c1)c1ccc(C#N)cc1,1.5,%,F,ChEMBL
CHEMBL163,CC(C)c1nc(CN(C)C(=O)N[C@H](C(=O)N[C@@H](Cc2ccccc2)C[C@H](O)[C@H](Cc2ccccc2)NC(=O)OCc2cncs2)C(C)C)cs1,70.7,%,F,ChEMBL
CHEMBL163,CC(C)c1nc(CN(C)C(=O)N[C@H](C(=O)N[C@@H](Cc2ccccc2)C[C@H](O)[C@H](Cc2ccccc2)NC(=O)OCc2cncs2)C(C)C)cs1,37.4,%,F,ChEMBL
CHEMBL163,CC(C)c1nc(CN(C)C(=O)N[C@H](C(=O)N[C@@H](Cc2ccccc2)C[C@H](O)[C@H](Cc2ccccc2)NC(=O)OCc2cncs2)C(C)C)cs1,29.9,%,F,ChEMBL
CHEMBL36247,COc1ccccc1-c1ccc(C[C@H](NC(=O)C2(C)CCCS2(=O)=O)C(=O)O)cc1,6.0,%,F,ChEMBL
CHEMBL34238,C[C@]1(C(=O)N[C@@H](Cc2ccc(NC(=O)c3c(Cl)cncc3Cl)cc2)C(=O)O)CCCO1,3.0,%,F,ChEMBL
CHEMBL34238,C[C@]1(C(=O)N[C@@H](Cc2ccc(NC(=O)c3c(Cl)cncc3Cl)cc2)C(=O)O)CCCO1,3.0,%,F,ChEMBL
CHEMBL34498,COc1cccc(OC)c1-c1ccc(C[C@H](NC(=O)[C@@]2(C)CCCO2)C(=O)O)cc1,42.0,%,F,ChEMBL
CHEMBL34498,COc1cccc(OC)c1-c1ccc(C[C@H](NC(=O)[C@@]2(C)CCCO2)C(=O)O)cc1,42.0,%,F,ChEMBL
CHEMBL34498,COc1cccc(OC)c1-c1ccc(C[C@H](NC(=O)[C@@]2(C)CCCO2)C(=O)O)cc1,51.0,%,F,ChEMBL
CHEMBL2079542,O=C(O)COC[C@H](O)[C@H](O)/C=C/C=C/C#C/C=C/[C@H](O)COc1ccc(F)cc1,14.0,%,F,ChEMBL
CHEMBL2079542,O=C(O)COC[C@H](O)[C@H](O)/C=C/C=C/C#C/C=C/[C@H](O)COc1ccc(F)cc1,40.0,%,F,ChEMBL
CHEMBL83279,c1ccc(-n2cnc3cc(-c4ccc(OCCN5CCCCC5)cc4)ccc32)cc1,76.0,%,F,ChEMBL
CHEMBL38595,Cn1cncc1C(OCc1ccc(C#N)cc1)c1ccc(C#N)c(-c2cccc3cccnc23)c1,53.0,%,F,ChEMBL
CHEMBL38595,Cn1cncc1C(OCc1ccc(C#N)cc1)c1ccc(C#N)c(-c2cccc3cccnc23)c1,92.0,%,F,ChEMBL
CHEMBL553847,Cc1cccc(C)c1OCC(=O)N[C@@H](Cc1ccccc1)[C@H](OC(=O)CCCC(=O)NCCN1CCOCC1)C(=O)N1CSC(C)(C)[C@H]1C(=O)NC(C)(C)C.Cl,5.4,%,F,ChEMBL
CHEMBL555935,Cc1cccc(C)c1OCC(=O)N[C@@H](Cc1ccccc1)[C@H](OC(=O)CCC(=O)NCCN1CCCC1)C(=O)N1CSC(C)(C)[C@H]1C(=O)NC(C)(C)C.Cl,16.1,%,F,ChEMBL
CHEMBL540832,Cc1cccc(C)c1OCC(=O)N[C@@H](Cc1ccccc1)[C@H](OC(=O)CCC(=O)NCCN1CCOCC1)C(=O)N1CSC(C)(C)[C@H]1C(=O)NC(C)(C)C.Cl,23.1,%,F,ChEMBL
CHEMBL421869,COC(=O)CCC[C@H](O)[C@H](O)/C=C/C=C/C=C/C=C/[C@H](O)COc1ccc(F)cc1,12.0,%,F,ChEMBL
CHEMBL303168,O=C(O)COC[C@H](O)[C@H](O)/C=C/C=C/C=C/C=C/[C@H](O)COc1ccc(F)cc1,4.0,%,F,ChEMBL
CHEMBL43631,Cn1cncc1C(OCc1ccc(C#N)cn1)c1ccc(C#N)c(-c2cccc3ccccc23)c1,56.0,%,F,ChEMBL
CHEMBL43631,Cn1cncc1C(OCc1ccc(C#N)cn1)c1ccc(C#N)c(-c2cccc3ccccc23)c1,48.0,%,F,ChEMBL
CHEMBL41936,Cn1cncc1C(OCc1nc(N2CCN(C(=O)OC(C)(C)C)CC2)c(C#N)cc1-c1cccc(Cl)c1)c1ccc(C#N)cc1,2.6,%,F,ChEMBL
CHEMBL282457,Cc1cccc(C)c1OCC(=O)N[C@@H](Cc1ccccc1)[C@H](O)C(=O)N1CSC(C)(C)[C@H]1C(=O)NC(C)(C)C,15.8,%,F,ChEMBL
CHEMBL336116,CCNC(=O)NCC(=O)N(C)c1ccc(Cl)c(COc2cccn3c(Br)c(C)nc23)c1Cl,75.0,%,BA,ChEMBL
CHEMBL133596,CCCNC1=NS(=O)(=O)c2sc(Cl)cc2N1,69.0,%,F,ChEMBL
CHEMBL162781,COc1cccc2c1ccc1nc3cccc(C(=O)N[C@H](C)CN(C)C)c3nc12,72.0,%,F,ChEMBL
CHEMBL39117,Cn1cncc1C(OCc1ncc(C#N)cc1-c1cccc(Cl)c1)c1ccc(C#N)cc1,78.0,%,F,ChEMBL
CHEMBL39117,Cn1cncc1C(OCc1ncc(C#N)cc1-c1cccc(Cl)c1)c1ccc(C#N)cc1,0.9,%,F,ChEMBL
CHEMBL38996,CC1(C)CNc2c(cc(CCC(=O)O)cc2S(=O)(=O)N[C@@H](Cc2nc3ccccc3s2)C(=O)N2CCC(CCF)CC2)C1,50.0,%,F,ChEMBL
CHEMBL38996,CC1(C)CNc2c(cc(CCC(=O)O)cc2S(=O)(=O)N[C@@H](Cc2nc3ccccc3s2)C(=O)N2CCC(CCF)CC2)C1,0.0,%,F,ChEMBL
CHEMBL42493,OCC1CC(F)C(n2cnc3cncnc32)O1,60.7,%,F,ChEMBL
CHEMBL43082,Cn1cncc1C(OCc1ccc(C#N)nc1-c1cc(F)cc(F)c1)c1ccc(C#N)cc1,93.0,%,F,ChEMBL
CHEMBL43082,Cn1cncc1C(OCc1ccc(C#N)nc1-c1cc(F)cc(F)c1)c1ccc(C#N)cc1,19.0,%,F,ChEMBL
CHEMBL135091,CCC(C)(C)NC1=NS(=O)(=O)c2sc(Cl)cc2N1,47.0,%,F,ChEMBL
CHEMBL133663,O=S1(=O)NC(NC2CCC2)=Nc2cc(Cl)sc21,49.0,%,F,ChEMBL
CHEMBL265273,O=C(O)CCC[C@H](O)[C@H](O)/C=C/C=C/C#C/C=C/[C@@H](O)COc1ccc(F)cc1,28.0,%,F,ChEMBL
CHEMBL41951,Cn1cncc1C(OCc1ccc(C#N)nc1-c1ccc2c(c1)OC(F)(F)O2)c1ccc(C#N)cc1,56.0,%,F,ChEMBL
CHEMBL41951,Cn1cncc1C(OCc1ccc(C#N)nc1-c1ccc2c(c1)OC(F)(F)O2)c1ccc(C#N)cc1,90.0,%,F,ChEMBL
CHEMBL138564,COc1cc(C2CN=C(c3ccc(N(C)C)cc3)O2)cc(OC)c1OC,49.0,%,F,ChEMBL
CHEMBL154680,NCc1cccc(-n2nc(C(F)(F)F)cc2C(=O)Nc2ccc(-c3ccccc3S(N)(=O)=O)cc2F)c1,22.0,%,F,ChEMBL
CHEMBL153946,CS(=O)(=O)c1ccccc1-c1ccc(NC(=O)c2cc(C(F)(F)F)nn2-c2cccc(CN)c2)cc1,39.0,%,F,ChEMBL
CHEMBL322433,O=C(NO)[C@H]1CCCS(=O)(=O)N1Cc1ccc(-c2ccncc2)cc1,43.0,%,F,ChEMBL
CHEMBL48192,Cc1cc(-c2c(O)nc3cc(Cl)c(C(=O)Nc4ccncn4)cc3c2OCC[C@@H]2CCCCN2)cc(C)c1C,4.4,%,F,ChEMBL
CHEMBL44577,CN1CCN([C@H]2CC[C@H](n3nc(-c4ccc(Oc5ccccc5)cc4)c4c(N)ncnc43)CC2)CC1,69.0,%,F,ChEMBL
CHEMBL343962,COc1cc(C2CN=C(c3ccc4c(ccn4C)c3)O2)cc(OC)c1OC,35.0,%,F,ChEMBL
CHEMBL422351,Cc1cc(C(=O)Nc2ccc(-c3ccccc3S(C)(=O)=O)cc2F)n(-c2cccc(CN)c2)n1,73.0,%,F,ChEMBL
CHEMBL17313,CCOC(=O)C[C@H](NC(=O)CN1C(=O)N[C@@](C)(c2ccc(C(=N)N)cc2)C1=O)c1ccccc1,42.0,%,F,ChEMBL
CHEMBL358835,CS(=O)(=O)c1ccccc1-c1ccc(NC(=O)c2cc(C(F)(F)F)nn2-c2cccc(C(=N)N)c2)c(F)c1,0.0,%,F,ChEMBL
CHEMBL51893,O=C(NCc1cc(C(F)(F)F)cc(C(F)(F)F)c1)[C@]1(c2ccccc2)CC[C@@H](N2CCC(c3ccc(F)cc3)CC2)CC1,70.0,%,F,ChEMBL
CHEMBL611,COc1cc2nc(N3CCN(C(=O)C4CCCO4)CC3)nc(N)c2cc1OC,49.0,%,F,ChEMBL
CHEMBL24038,CCO[C@@H](Cc1ccc(OCCN2c3ccccc3Oc3ccccc32)cc1)C(=O)O,77.02,%,F,ChEMBL
CHEMBL81521,CN(C1CCCCC1)[C@@H](CC(=O)O)C(=O)N1CCCC[C@H]1CCOC1CCN(C(=N)N)CC1,2.0,%,F,ChEMBL
CHEMBL81521,CN(C1CCCCC1)[C@@H](CC(=O)O)C(=O)N1CCCC[C@H]1CCOC1CCN(C(=N)N)CC1,9.0,%,F,ChEMBL
CHEMBL84026,CC1=CCN(C(=O)[C@H](Cc2cccc(C(=N)N)c2)NS(=O)(=O)c2ccc3c(c2)CCN(C)CC3)[C@@H](C(=O)O)C1,16.0,%,F,ChEMBL
CHEMBL84026,CC1=CCN(C(=O)[C@H](Cc2cccc(C(=N)N)c2)NS(=O)(=O)c2ccc3c(c2)CCN(C)CC3)[C@@H](C(=O)O)C1,37.0,%,F,ChEMBL
CHEMBL154504,NCc1cccc(-n2nc(C(F)(F)F)cc2C(=O)Nc2ccc(-c3ccccc3S(N)(=O)=O)cc2)c1,35.0,%,F,ChEMBL
CHEMBL280541,C[C@H](Sc1nc(N)cc(Cl)n1)c1cc2ccoc2cn1,94.0,%,F,ChEMBL
CHEMBL280541,C[C@H](Sc1nc(N)cc(Cl)n1)c1cc2ccoc2cn1,94.0,%,F,ChEMBL
CHEMBL136780,COc1cc(C2OC(c3ccc(N)c(C)c3)=NN2C(C)=O)cc(OC)c1OC,7.0,%,F,ChEMBL
CHEMBL132589,O=C([O-])COc1cccc(C[C@@H]2CCCC=C2c2nc(-c3ccccc3)c(-c3ccccc3)o2)c1.[Na+],50.0,%,F,ChEMBL
CHEMBL132589,O=C([O-])COc1cccc(C[C@@H]2CCCC=C2c2nc(-c3ccccc3)c(-c3ccccc3)o2)c1.[Na+],72.0,%,F,ChEMBL
CHEMBL134736,Cc1cc(C(=O)Nc2ccc(-c3ccccc3S(N)(=O)=O)cc2)n(-c2cccc(CN)c2)n1,13.0,%,F,ChEMBL
CHEMBL298937,Cc1cc(-c2c(O)nc3cc(Cl)c(C(=O)Nc4ccncn4)cc3c2OCC[C@@H]2CCCC(C(F)(F)F)N2)cc(C)c1C,14.6,%,F,ChEMBL
CHEMBL16759,CC1(c2ccc(C(=N)N)cc2)NC(=O)N(CC(=O)NC(CC(=O)O)c2ccccc2)C1=O,5.0,%,F,ChEMBL
CHEMBL559015,CS(=O)(=O)c1ccccc1-c1ccc(NC(=O)c2cc(C(F)(F)F)nn2-c2cccc(CN)c2)c(F)c1.Cl,57.0,%,F,ChEMBL
CHEMBL17258,C[C@@]1(c2ccc(C(=N)N)cc2)NC(=O)N(CC(=O)N[C@@H](CC(=O)O)c2ccccc2)C1=O,10.0,%,F,ChEMBL
CHEMBL96467,C[C@@H]1OC(=O)N(C(=O)NCCCN2CCC(c3ccc(F)cc3)CC2)[C@H]1c1ccc(F)c(F)c1,25.0,%,F,ChEMBL
CHEMBL96467,C[C@@H]1OC(=O)N(C(=O)NCCCN2CCC(c3ccc(F)cc3)CC2)[C@H]1c1ccc(F)c(F)c1,74.0,%,F,ChEMBL
CHEMBL152854,Cc1cc(C(=O)Nc2ccc(-c3ccccc3S(N)(=O)=O)cc2)n(-c2cccc(C(=N)N)c2)n1.O=C(O)C(F)(F)F,4.0,%,F,ChEMBL
CHEMBL16584,O=c1c2c(oc(O)c1C(c1ccccc1)C1CC1)CCCCCC2,91.0,%,F,ChEMBL
CHEMBL16584,O=c1c2c(oc(O)c1C(c1ccccc1)C1CC1)CCCCCC2,99.0,%,F,ChEMBL
CHEMBL343920,COc1cc(C2OC(c3ccc(N(C)C)cc3)=NN2C(C)=O)cc(OC)c1OC,4.9,%,F,ChEMBL
CHEMBL154572,Cc1cc(C(=O)Nc2ccc(-c3ccccc3S(N)(=O)=O)cc2F)n(-c2cccc(CN)c2)n1,10.0,%,F,ChEMBL
CHEMBL352514,CCn1nc(Cc2ccccc2)cc1C1CCN(C[C@H]2CN([C@@H](C(=O)O)C3CCC3)C[C@@H]2c2ccccc2)CC1,11.0,%,F,ChEMBL
CHEMBL441472,CC(C)(C)c1ccc(NC(=O)N2CCN(c3ncccc3Cl)CC2)cc1,15.1,%,F,ChEMBL
CHEMBL39394,C#C/C=C(\c1ccc(SC)cc1)c1ccc2nc(N)n(S(=O)(=O)C(C)C)c2c1,5.0,%,F,ChEMBL
CHEMBL35822,C#C/C=C(\c1ccc([S+](C)[O-])cc1)c1ccc2nc(N)n(S(=O)(=O)C(C)C)c2c1,3.0,%,F,ChEMBL
CHEMBL192,CCCc1nn(C)c2c(=O)[nH]c(-c3cc(S(=O)(=O)N4CCN(C)CC4)ccc3OCC)nc12,11.0,%,F,ChEMBL
CHEMBL148169,Cc1cc(COc2ccc([C@]3(C)CCN([C@H](C)C(=O)NO)C3=O)cc2)c2ccccc2n1,41.0,%,F,ChEMBL
CHEMBL148169,Cc1cc(COc2ccc([C@]3(C)CCN([C@H](C)C(=O)NO)C3=O)cc2)c2ccccc2n1,32.0,%,F,ChEMBL
CHEMBL287919,CS(=O)(=O)Nc1cc2c(cc1Sc1ccc(F)cc1F)C(=O)CC2,90.0,%,F,ChEMBL
CHEMBL287919,CS(=O)(=O)Nc1cc2c(cc1Sc1ccc(F)cc1F)C(=O)CC2,145.0,%,F,ChEMBL
CHEMBL353330,CCn1nc(Cc2ccccc2)cc1C1CCN(C[C@H]2CN([C@@H](C(=O)O)C3CCCCC3)C[C@@H]2c2cccc(F)c2)CC1,3.0,%,F,ChEMBL
CHEMBL5483011,CC(C)(C)NC(=O)[C@@H]1CN(Cc2cccnc2)CCN1C[C@@H](O)C[C@@H](Cc1ccccc1)C(=O)N[C@H]1c2ccccc2C[C@H]1O.O,71.6,%,F,ChEMBL
CHEMBL368637,CCn1nc(Cc2ccccc2)cc1C1CCN(C[C@H]2CN([C@](C)(C(=O)O)C(C)C)C[C@@H]2c2cccc(F)c2)CC1,21.0,%,F,ChEMBL
CHEMBL39058,COc1ccc(C(=O)Nc2c(Cl)cncc2Cl)c2cccnc12,62.0,%,F,ChEMBL
CHEMBL160846,CS(=O)(=O)CCNc1nc(-c2ccc3ncnc(Nc4ccc(OCc5ccccc5)c(Cl)c4)c3c2)cs1,16.6,%,F,ChEMBL
CHEMBL353331,CCn1nc(Cc2ccccc2)cc1C1CCN(C[C@H]2CN([C@@H](C(=O)O)C3CCCCC3)C[C@@H]2c2ccccc2)CC1,4.1,%,F,ChEMBL
CHEMBL422347,CS(=O)(=O)CCNc1nc(-c2ccc3ncnc(Nc4ccc(OCc5ccccc5)cc4)c3c2)cs1,66.6,%,F,ChEMBL
CHEMBL174304,CCn1nc(Cc2ccccc2)cc1C1CCN(C[C@H]2CN([C@@H](C(=O)O)C(C)C)C[C@@H]2c2cccc(F)c2)CC1,11.0,%,F,ChEMBL
CHEMBL174304,CCn1nc(Cc2ccccc2)cc1C1CCN(C[C@H]2CN([C@@H](C(=O)O)C(C)C)C[C@@H]2c2cccc(F)c2)CC1,20.0,%,F,ChEMBL
CHEMBL174304,CCn1nc(Cc2ccccc2)cc1C1CCN(C[C@H]2CN([C@@H](C(=O)O)C(C)C)C[C@@H]2c2cccc(F)c2)CC1,4.7,%,F,ChEMBL
CHEMBL160303,CS(=O)(=O)CCNc1nc(-c2ccc3ncnc(Nc4ccc5c(cnn5Cc5ccccc5)c4)c3c2)cs1,11.0,%,F,ChEMBL
CHEMBL356584,CCC1=C(C(N)=O)C(c2ccc(F)c(F)c2)N(C(=O)NCCCN2CCC(C(=O)OC)(c3ccccc3)CC2)C(=O)N1,15.0,%,F,ChEMBL
CHEMBL356584,CCC1=C(C(N)=O)C(c2ccc(F)c(F)c2)N(C(=O)NCCCN2CCC(C(=O)OC)(c3ccccc3)CC2)C(=O)N1,26.0,%,F,ChEMBL
CHEMBL79587,Cc1ccccc1[C@@H](Nc1ccc(Cl)cc1Cl)C(=O)CCc1ccncc1,7.0,%,F,ChEMBL
CHEMBL23338,C/C=C/c1cc(Cc2cnc(N)nc2N)cc(OC)c1OC,25.0,%,F,ChEMBL
CHEMBL172551,CCn1nc(Cc2ccccc2)cc1C1CCN(C[C@H]2CN([C@@H](C(=O)O)C(C)C)C[C@@H]2c2ccccc2)CC1,17.0,%,F,ChEMBL
CHEMBL49532,Cc1ccn2cc(-c3ccc(OCCCN4CCCCC4)cc3)nc2c1,57.0,%,F,ChEMBL
CHEMBL40112,C#C/C=C(\c1ccc(OCC)cc1)c1ccc2nc(N)n(S(=O)(=O)C(C)C)c2c1,4.0,%,F,ChEMBL
CHEMBL435538,CC[C@@H](C)[C@H](C(=O)O)N1C[C@H](CN2CCC(c3cc(Cc4ccccc4)nn3CC)CC2)[C@@H](c2cccc(F)c2)C1,13.0,%,F,ChEMBL
CHEMBL78876,CC(C)(C)NC(=O)[C@@H]1CN(C(C)(C)c2cc3cnccc3o2)CCN1C[C@@H](O)C[C@@H](Cc1ccccc1)C(=O)N[C@H]1c2ccccc2C[C@H]1O,44.3,%,F,ChEMBL
CHEMBL312238,CC(C)(C)NC(=O)[C@@H]1CN(C(C)(C)c2cc3cnccc3o2)CCN1C[C@@H](O)C[C@@H](Cc1ccccc1)C(=O)N[C@H]1c2ccccc2OC[C@H]1O,81.0,%,F,ChEMBL
CHEMBL75384,CN(C)CCO/N=C1\c2ccccc2-n2c1nc1ccccc1c2=O,14.0,%,F,ChEMBL
CHEMBL69888,COc1cccc(OC)c1-c1ccc(C[C@H](NC(=O)[C@@H]2CCCN2c2ccccc2)C(=O)O)cc1,14.0,%,F,ChEMBL
CHEMBL172854,CCn1nc(Cc2ccccc2)cc1C1CCN(C[C@H]2CN([C@@H](C(=O)O)C(C)(C)C)C[C@@H]2c2cccc(F)c2)CC1,71.0,%,F,ChEMBL
CHEMBL172854,CCn1nc(Cc2ccccc2)cc1C1CCN(C[C@H]2CN([C@@H](C(=O)O)C(C)(C)C)C[C@@H]2c2cccc(F)c2)CC1,44.0,%,F,ChEMBL
CHEMBL44357,C[C@@]1(C(=O)N[C@@H](Cc2ccc(OC(=O)N3CCCC3)cc2)C(=O)O)CCCN1S(=O)(=O)c1cc(Cl)cc(Cl)c1,6.0,%,F,ChEMBL
CHEMBL155761,CS(=O)(=O)CCNc1nc(-c2ccc3ncnc(Nc4ccc(OCc5cccc(F)c5)c(Cl)c4)c3c2)cs1,39.5,%,F,ChEMBL
CHEMBL71577,COc1cccc(OC)c1-c1ccc(CC(NC(=O)C2(c3ccccc3)CCCC2)C(=O)O)cc1,55.0,%,F,ChEMBL
CHEMBL305408,COc1cccc(OC)c1-c1ccc(CC(NC(=O)C2(S(=O)(=O)c3ccccc3)CCCC2)C(=O)O)cc1,22.0,%,F,ChEMBL
CHEMBL40221,C#C/C=C(\c1ccc(F)cc1)c1ccc2nc(N)n(S(=O)(=O)C(C)C)c2c1,23.0,%,F,ChEMBL
CHEMBL76500,CN(C)CCCO/N=C1\c2cc([N+](=O)[O-])ccc2-n2c1nc1ccccc1c2=O,76.0,%,F,ChEMBL
CHEMBL69035,COc1cccc(OC)c1-c1ccc(CC(NC(=O)C2CCCN2S(=O)(=O)c2ccccc2)C(=O)O)cc1,2.0,%,F,ChEMBL
CHEMBL435727,CCC(CC)[C@H](C(=O)O)N1C[C@H](CN2CCC(c3cc(Cc4ccccc4)nn3CC)CC2)[C@@H](c2cccc(F)c2)C1,52.0,%,F,ChEMBL
CHEMBL36551,C#C/C=C(\c1ccccc1)c1ccc2nc(N)n(S(=O)(=O)C(C)C)c2c1,9.0,%,F,ChEMBL
CHEMBL171146,CC(=O)NC1(c2ccc(CN3CCN(c4ncccn4)CC3)cc2)CC1,76.0,%,F,ChEMBL
CHEMBL295128,N=C(N)c1cccc(Oc2ccc(C(=O)O)cc2NC(=O)c2ccc(-c3ccccc3S(N)(=O)=O)cc2)c1,5.5,%,F,ChEMBL
CHEMBL130811,COc1ccc(-c2cnc(N3Cc4c(nc5ccccc5c4O)C3c3ccc4c(c3)CCO4)nc2)cc1,20.0,%,F,ChEMBL
CHEMBL308458,COc1cccc(N2CCC[C@H]2C(=O)N[C@@H](Cc2ccc(-c3c(OC)cccc3OC)cc2)C(=O)O)c1,3.0,%,F,ChEMBL
CHEMBL173095,CCn1nc(Cc2ccccc2)cc1C1CCN(C[C@H]2CN([C@H](CC3CCC3)C(=O)O)C[C@@H]2c2cccc(F)c2)CC1,7.3,%,F,ChEMBL
CHEMBL43278,CN(C(=O)Oc1ccc(C[C@H](NC(=O)[C@]2(C)CCCN2S(=O)(=O)c2cc(Cl)cc(Cl)c2)C(=O)O)cc1)c1ccccc1,11.0,%,F,ChEMBL
CHEMBL23609,CCOc1cc(Cc2cnc(N)nc2N)cc(OC)c1OC,79.0,%,F,ChEMBL
CHEMBL39588,C#C/C=C(\c1ccc(OC)cc1)c1ccc2nc(N)n(S(=O)(=O)C(C)C)c2c1,5.0,%,F,ChEMBL
CHEMBL417349,N=C(N)c1cccc(Oc2cc([N+](=O)[O-])ccc2C(=O)Nc2ccc(-c3ccccc3S(N)(=O)=O)cc2)c1,0.3,%,F,ChEMBL
CHEMBL25770,Cc1noc(C)c1S(=O)(=O)N[C@@H](CCC(=O)N1CCC2(CC1)CCN(c1ccncc1)CC2)C(=O)O,7.3,%,F,ChEMBL
CHEMBL147580,CS(=O)(=O)Nc1cc2c(cc1Oc1ccc(F)cc1F)C(=O)CC2,92.0,%,F,ChEMBL
CHEMBL147580,CS(=O)(=O)Nc1cc2c(cc1Oc1ccc(F)cc1F)C(=O)CC2,63.0,%,F,ChEMBL
CHEMBL43213,C[C@@]1(C(=O)N[C@@H](Cc2ccc(OC(=O)N3CCOCC3)cc2)C(=O)O)CCCN1S(=O)(=O)c1cc(Cl)cc(Cl)c1,3.0,%,F,ChEMBL
CHEMBL22,COc1cc(Cc2cnc(N)nc2N)cc(OC)c1OC,99.0,%,F,ChEMBL
CHEMBL158627,CS(=O)(=O)Oc1ccc2c(c1)CN(CC[C@H]1CC[C@H](NC(=O)/C=C/c3ccc(F)cc3)CC1)C2,77.0,%,F,ChEMBL
CHEMBL422054,COc1cccc(OC)c1-c1ccc(C[C@H](NC(=O)[C@@H]2CCCN2c2ccccn2)C(=O)O)cc1,2.0,%,F,ChEMBL
CHEMBL170892,CCn1nc(Cc2ccccc2)cc1C1CCN(C[C@H]2CN([C@H](CC(C)C)C(=O)O)C[C@@H]2c2ccccc2)CC1,17.0,%,F,ChEMBL
CHEMBL175327,CCn1nc(Cc2ccccc2)cc1C1CCN(C[C@H]2CN([C@H](CC3CC3)C(=O)O)C[C@@H]2c2cccc(F)c2)CC1,8.1,%,F,ChEMBL
CHEMBL611,COc1cc2nc(N3CCN(C(=O)C4CCCO4)CC3)nc(N)c2cc1OC,49.0,%,F,ChEMBL
CHEMBL285820,Cn1ncc2c(=O)n(CC(=O)NCc3cc4cc(C(=O)N5CCC(N6C(=O)OCc7ccccc76)CC5)ccc4o3)cnc21,36.0,%,F,ChEMBL
CHEMBL323065,O=C(Nc1ccc(-n2nc(C(F)(F)F)cc2Br)cc1)c1ccncc1F,94.0,%,F,ChEMBL
CHEMBL422223,CCC[C@H](C)n1c(CC)nc2c(-c3ccc(OC(F)(F)F)cc3Cl)nccc21,33.0,%,F,ChEMBL
CHEMBL103894,COc1cc(C(F)(F)F)nn1-c1ccc(NC(=O)c2ccncc2F)cc1,68.0,%,F,ChEMBL
CHEMBL289395,NC1CCC(CNC(=O)[C@@H]2CCCN2C(=O)[C@H](N)C(C2CCCCC2)C2CCCCC2)CC1,2.0,%,F,ChEMBL
CHEMBL334594,C[C@@H](Cc1ccc(F)c(F)c1)C(=O)N[C@H]1N=C(c2ccc3c(c2)OCO3)c2ccccc2N(CC(N)=O)C1=O,22.0,%,F,ChEMBL
CHEMBL287629,O=C(Cn1cc(C(F)(F)F)ccc1=O)NCc1cc2cc(C(=O)N3CCC(N4C(=O)CCc5ccccc54)CC3)ccc2o1,44.0,%,F,ChEMBL
CHEMBL283039,O=C(Cn1cc(C(F)(F)F)ccc1=O)NCc1cc2cc(C(=O)N3CCC(N4C(=O)OCc5cc(F)ccc54)CC3)ccc2o1,18.0,%,F,ChEMBL
CHEMBL322862,CS(=O)(=O)Nc1cc([C@@H](O)CN[C@H](Cc2ccccc2)c2ccc(OC(F)F)cc2)ccc1O,5.0,%,F,ChEMBL
CHEMBL22359,N[C@H](C(=O)N1CCSC1)[C@H]1CC[C@H](NC(=O)c2ccc(F)c(F)c2)CC1,81.0,%,F,ChEMBL
CHEMBL22679,N[C@H](C(=O)N1CCCC1)[C@H]1CC[C@H](NC(=O)OCc2ccccc2)CC1,52.0,%,F,ChEMBL
CHEMBL101503,CS(=O)(=O)c1ccc(-c2ccccc2-c2ccccc2)cc1,60.0,%,F,ChEMBL
CHEMBL286771,O=C(c1ccc2oc(-c3cncc(Cn4cc(C(F)(F)F)ccc4=O)c3)cc2c1)N1CCC(N2C(=O)OCc3ccccc32)CC1,41.0,%,F,ChEMBL
CHEMBL3084949,N[C@H](C(=O)N1CCSC1)[C@H]1CC[C@H](NC(=O)c2cccc3ccccc23)CC1,51.0,%,F,ChEMBL
CHEMBL286895,O=C(Cn1ccc(N2CCOCC2)nc1=O)NCc1cc2cc(C(=O)N3CCC(N4C(=O)OCc5ccccc54)CC3)ccc2o1,2.0,%,F,ChEMBL
CHEMBL99828,Cc1cc(-c2ccc(S(C)(=O)=O)cc2)c(-c2ccc(F)cc2)s1,0.9,%,F,ChEMBL
CHEMBL281988,O=C(c1ccc2oc(CN3CCC[C@@H](n4cc(C(F)(F)F)ccc4=O)C3)cc2c1)N1CCC(N2C(=O)OCc3ccccc32)CC1,2.0,%,F,ChEMBL
CHEMBL31651,O=C(Cn1cc(C(F)(F)F)ccc1=O)NCc1cc2cc(C(=O)N3CCC(N4C(=O)OCc5ccc(Cl)cc54)CC3)ccc2o1,35.0,%,F,ChEMBL
CHEMBL42485,CS(=O)(=O)c1ccc(-c2cc(Br)sc2-c2ccc(F)cc2)cc1,75.0,%,F,ChEMBL
CHEMBL42485,CS(=O)(=O)c1ccc(-c2cc(Br)sc2-c2ccc(F)cc2)cc1,4.4,%,F,ChEMBL
CHEMBL42485,CS(=O)(=O)c1ccc(-c2cc(Br)sc2-c2ccc(F)cc2)cc1,30.4,%,F,ChEMBL
CHEMBL281044,O=C(Cn1ccc2ccccc2c1=O)NCc1cc2cc(C(=O)N3CCC(N4C(=O)OCc5ccccc54)CC3)ccc2o1,17.0,%,F,ChEMBL
CHEMBL443498,O=C(Nc1ccc(C(=O)N2C[C@@H]3C4CCC(C4)N3Cc3ccccc32)c(Cl)c1)c1ccccc1-c1ccccc1,14.0,%,F,ChEMBL
CHEMBL33725,CCCCCc1nc(-c2ccc(S(=O)(=O)Nc3ccc(CCNC[C@H](O)c4cccnc4)cc3)cc2)no1,62.0,%,F,ChEMBL
CHEMBL33725,CCCCCc1nc(-c2ccc(S(=O)(=O)Nc3ccc(CCNC[C@H](O)c4cccnc4)cc3)cc2)no1,36.0,%,F,ChEMBL
CHEMBL281243,COc1cccn(CC(=O)NCc2cc3cc(C(=O)N4CCC(N5C(=O)OCc6ccccc65)CC4)ccc3o2)c1=O,3.0,%,F,ChEMBL
CHEMBL281243,COc1cccn(CC(=O)NCc2cc3cc(C(=O)N4CCC(N5C(=O)OCc6ccccc65)CC4)ccc3o2)c1=O,68.0,%,F,ChEMBL
CHEMBL287101,O=C(Cn1cc(C(F)(F)F)ccc1=O)NCc1cc2cc(C(=O)N3CCC(N4C(=O)OCc5ccccc54)CC3)c(F)cc2o1,15.0,%,F,ChEMBL
CHEMBL112832,CCCCN(CCCC)C(=O)CN1C[C@H](c2ccc3occc3c2)[C@@H](C(=O)O)[C@@H]1c1ccc(OC)cc1,39.0,%,F,ChEMBL
CHEMBL3216390,Cl.Cl.N=C(N)NCCCNC(=O)[C@@H]1CCCCN1C(=O)[C@@H](CC1CCCCC1)NCC(=O)O,51.0,%,F,ChEMBL
CHEMBL3216390,Cl.Cl.N=C(N)NCCCNC(=O)[C@@H]1CCCCN1C(=O)[C@@H](CC1CCCCC1)NCC(=O)O,44.0,%,F,ChEMBL
CHEMBL31065,O=C(Cn1cc(C(F)(F)F)ccc1=O)NCc1cc2cc(C(=O)N3CCC(N4C(=O)OCc5ccccc54)CC3)ccc2o1,16.0,%,F,ChEMBL
CHEMBL31065,O=C(Cn1cc(C(F)(F)F)ccc1=O)NCc1cc2cc(C(=O)N3CCC(N4C(=O)OCc5ccccc54)CC3)ccc2o1,51.0,%,F,ChEMBL
CHEMBL16458,CCCC1=C(C(=O)OCc2ccc(C(=O)NCCN3CCCCC3)cc2)C(c2cccc(C)c2)NC(=O)N1,65.0,%,F,ChEMBL
CHEMBL16458,CCCC1=C(C(=O)OCc2ccc(C(=O)NCCN3CCCCC3)cc2)C(c2cccc(C)c2)NC(=O)N1,65.0,%,F,ChEMBL
CHEMBL16458,CCCC1=C(C(=O)OCc2ccc(C(=O)NCCN3CCCCC3)cc2)C(c2cccc(C)c2)NC(=O)N1,13.0,%,F,ChEMBL
CHEMBL16458,CCCC1=C(C(=O)OCc2ccc(C(=O)NCCN3CCCCC3)cc2)C(c2cccc(C)c2)NC(=O)N1,13.0,%,F,ChEMBL
CHEMBL3084938,CN(C)C(=O)Nc1ccc(S(=O)(=O)N[C@H]2CC[C@H]([C@H](N)C(=O)N3CCCC3)CC2)cc1,1.0,%,F,ChEMBL
CHEMBL38348,CNc1cccc(CCOc2ccc(C[C@@H](CC(=O)O)c3ccccc3)cc2)n1,100.0,%,F,ChEMBL
CHEMBL37751,O=C(O)C[C@H](Cc1ccc(OCCc2ccc3c(n2)NCCC3)cc1)c1ccccc1,100.0,%,F,ChEMBL
CHEMBL25437,N[C@H](C(=O)N1CCCC1)[C@H]1CC[C@H](NS(=O)(=O)c2ccc(F)cc2F)CC1,36.0,%,F,ChEMBL
CHEMBL25437,N[C@H](C(=O)N1CCCC1)[C@H]1CC[C@H](NS(=O)(=O)c2ccc(F)cc2F)CC1,100.0,%,F,ChEMBL
CHEMBL318087,CC(=O)c1cc(C(F)(F)F)nn1-c1ccc(NC(=O)c2ccccc2F)cc1,5.0,%,F,ChEMBL
CHEMBL9194,CCCCN(CCCC)C(=O)CN1C[C@H](c2ccc3c(c2)OCO3)[C@@H](C(=O)O)[C@@H]1c1ccc(OC)cc1,68.0,%,F,ChEMBL
CHEMBL318678,c1ccc(-c2ccsc2-c2ccccc2)cc1,20.0,%,F,ChEMBL
CHEMBL35603,O=C(O)C[C@H](Cc1ccc(OCCCNc2ccccn2)cc1)c1ccccc1,100.0,%,F,ChEMBL
CHEMBL24781,COc1cc(OC2CCN(C(C)=O)CC2)ccc1C(=O)N1CCC(N2C(=O)OCc3ccccc32)CC1,55.0,%,F,ChEMBL
CHEMBL24781,COc1cc(OC2CCN(C(C)=O)CC2)ccc1C(=O)N1CCC(N2C(=O)OCc3ccccc32)CC1,29.0,%,F,ChEMBL
CHEMBL30910,O=C(Cn1cc(C(F)(F)F)ccc1=O)NCc1cc2cc(C(=O)N3CCC(N4C(=O)OCc5cccc(F)c54)CC3)ccc2o1,67.0,%,F,ChEMBL
CHEMBL30587,O=C(c1ccc2oc(CN3CCC(n4cc(C(F)(F)F)ccc4=O)CC3)cc2c1)N1CCC(N2C(=O)OCc3ccccc32)CC1,79.0,%,F,ChEMBL
CHEMBL101460,O=C(Nc1ccc(-n2nc(C(F)(F)F)cc2[N+](=O)[O-])cc1)c1ccncc1F,18.0,%,F,ChEMBL
CHEMBL305060,CS(=O)(=O)c1ccc(-c2ccsc2-c2ccc(F)cc2)cc1,3.4,%,F,ChEMBL
CHEMBL100778,CSc1cc(C(F)(F)F)nn1-c1ccc(NC(=O)c2ccncc2F)cc1,63.0,%,F,ChEMBL
CHEMBL9083,CN(C)c1cccc(-n2c(NNC(=O)Nc3cccc(C#N)c3)nc3ccccc3c2=O)c1,22.0,%,F,ChEMBL
CHEMBL23979,N[C@H](C(=O)N1CCCC1)[C@H]1CC[C@H](NS(=O)(=O)c2ccc(OC(F)(F)F)cc2)CC1,38.0,%,F,ChEMBL
CHEMBL326191,CCCCN(CCCC)C(=O)CN1C[C@H](c2ccc3c(c2)OCC3)[C@@H](C(=O)O)[C@@H]1c1ccc(OC)cc1,68.0,%,F,ChEMBL
CHEMBL288493,O=C(O)C[C@@H]1Cc2ccc(OCCCNc3ccccn3)cc2Cc2ccccc21,100.0,%,F,ChEMBL
CHEMBL445875,O=C(c1ccc2oc(-c3cccc(Cn4cc(C(F)(F)F)ccc4=O)n3)cc2c1)N1CCC(N2C(=O)OCc3ccccc32)CC1,22.0,%,F,ChEMBL
CHEMBL110366,CCCCN(CCCC)C(=O)CN1C[C@H](c2ccc3c(c2)CCO3)[C@@H](C(=O)O)[C@@H]1c1ccc(OC)cc1,33.0,%,F,ChEMBL
CHEMBL112685,CCCCN(CCCC)C(=O)CN1C[C@H](c2ccc3ccoc3c2)[C@@H](C(=O)O)[C@@H]1c1ccc(OC)cc1,38.0,%,F,ChEMBL
CHEMBL497992,N[C@H](C(=O)N1CCCC1)[C@H]1CC[C@H](NS(=O)(=O)c2ccc(NS(=O)(=O)CC(F)(F)F)cc2)CC1,0.0,%,F,ChEMBL
CHEMBL3084953,N[C@H](C(=O)N1CCSC1)[C@H]1CC[C@H](NC(=O)Nc2ccc(I)cc2)CC1,12.0,%,F,ChEMBL
CHEMBL288071,CC(C)(C)OC(=O)N[C@@H](C(=O)N1CCC[C@H]1C(=O)NCC1CCC(N)CC1)C(C1CCCCC1)C1CCCCC1,41.0,%,F,ChEMBL
CHEMBL288071,CC(C)(C)OC(=O)N[C@@H](C(=O)N1CCC[C@H]1C(=O)NCC1CCC(N)CC1)C(C1CCCCC1)C1CCCCC1,90.0,%,F,ChEMBL
CHEMBL3084944,N[C@H](C(=O)N1CCCC1)[C@H]1CC[C@H](NC(=O)c2cccc3ccccc23)CC1,30.0,%,F,ChEMBL
CHEMBL317937,N#Cc1cc(C(F)(F)F)nn1-c1ccc(NC(=O)c2ccncc2F)cc1,78.0,%,F,ChEMBL
CHEMBL136564,CCNC(=O)N[C@@H]1CCN(c2cccc3c2CCO3)C1,49.0,%,F,ChEMBL
CHEMBL136564,CCNC(=O)N[C@@H]1CCN(c2cccc3c2CCO3)C1,77.0,%,F,ChEMBL
CHEMBL319418,O=C(Nc1ccc(C(=O)N2C[C@H]3C4CCC(C4)N3Cc3ccccc32)c(Cl)c1)c1ccccc1-c1ccccc1,10.0,%,F,ChEMBL
CHEMBL430841,Cc1ccc(-c2ccccc2C(=O)Nc2ccc(C(=O)N3C[C@@H]4C5CCC(C5)N4Cc4cc(Cl)ccc43)cc2)cc1,7.0,%,F,ChEMBL
CHEMBL16153,CCCC1=C(C(=O)OCC)C(c2cccc(C)c2)NC(=O)N1,2.0,%,F,ChEMBL
CHEMBL16153,CCCC1=C(C(=O)OCC)C(c2cccc(C)c2)NC(=O)N1,2.0,%,F,ChEMBL
CHEMBL25211,N[C@H](C(=O)N1CCSC1)[C@H]1CC[C@H](NS(=O)(=O)c2ccc(OC(F)(F)F)cc2)CC1,85.0,%,F,ChEMBL
CHEMBL283894,CCOc1ccn(CC(=O)NCc2cc3cc(C(=O)N4CCC(N5C(=O)OCc6ccccc65)CC4)ccc3o2)c(=O)n1,2.0,%,F,ChEMBL
CHEMBL283894,CCOc1ccn(CC(=O)NCc2cc3cc(C(=O)N4CCC(N5C(=O)OCc6ccccc65)CC4)ccc3o2)c(=O)n1,43.0,%,F,ChEMBL
CHEMBL101202,N#Cc1cc(C(F)(F)F)nn1-c1ccc(NC(=O)c2ccccc2F)cc1,31.0,%,F,ChEMBL
CHEMBL78535,CCO/N=C(\c1ccc(Br)cc1)C1CCN(C2(C)CCN(C(=O)c3c(C)cc[n+]([O-])c3C)CC2)CC1,63.0,%,F,ChEMBL
CHEMBL78535,CCO/N=C(\c1ccc(Br)cc1)C1CCN(C2(C)CCN(C(=O)c3c(C)cc[n+]([O-])c3C)CC2)CC1,52.0,%,F,ChEMBL
CHEMBL316302,Cc1ccc(S(=O)(=O)Nc2ccccc2C(=O)N(Cc2ccccc2)Cc2cccnc2)cc1,43.0,%,F,ChEMBL
CHEMBL32404,O=C(Cn1cnc(C(F)(F)F)cc1=O)NCc1cc2cc(C(=O)N3CCC(N4C(=O)OCc5ccccc54)CC3)ccc2o1,14.0,%,F,ChEMBL
CHEMBL32404,O=C(Cn1cnc(C(F)(F)F)cc1=O)NCc1cc2cc(C(=O)N3CCC(N4C(=O)OCc5ccccc54)CC3)ccc2o1,34.0,%,F,ChEMBL
CHEMBL318855,O=C(Nc1ccc(-n2nc(C(F)(F)F)cc2Cl)cc1)c1ccncc1F,79.0,%,F,ChEMBL
CHEMBL284442,O=C(Cn1cc(C(F)(F)F)ccc1=O)NCc1cc2cc(C(=O)N3CCC(N4C(=O)OCc5ccccc54)CC3)cnc2o1,2.0,%,F,ChEMBL
CHEMBL103517,O=C(Nc1ccc(-n2nc(C(F)(F)F)cc2OC(F)F)cc1)c1ccncc1F,74.0,%,F,ChEMBL
CHEMBL323120,COc1cc(C(F)(F)F)nn1-c1ccc(NC(=O)c2ccccc2F)cc1,26.0,%,F,ChEMBL
CHEMBL142243,COCC1=C(C(=O)OC)C(c2ccc(F)c(F)c2)N(C(=O)NCCCN2CCC(C)(c3ccccc3)CC2)C(=O)N1,23.0,%,F,ChEMBL
CHEMBL1166,CC1CNc2c(cccc2S(=O)(=O)N[C@@H](CCCNC(=N)N)C(=O)N2CC[C@@H](C)C[C@@H]2C(=O)O)C1,27.0,%,F,ChEMBL
CHEMBL135125,CC(=O)NC[C@H]1CN(c2ccc3c(c2)C[C@@H](C)N3C=O)C(=O)O1,56.0,%,F,ChEMBL
CHEMBL134844,C/C(S)=N/C[C@H]1CN(c2ccc3c(c2)C[C@@H](C)N3C=O)C(=O)O1,30.8,%,F,ChEMBL
CHEMBL21815,COc1ccccc1N1CCN(C(=O)CCc2c(-c3ccc(Br)cc3)[nH]c3ccc(C)cc23)CC1,3.0,%,F,ChEMBL
CHEMBL93851,CCN(C(=O)OCc1ccccc1)C1CCN(C[C@H]2CN(C(=O)c3ccccc3Cl)C[C@@H]2c2ccccc2)CC1,18.0,%,F,ChEMBL
CHEMBL93851,CCN(C(=O)OCc1ccccc1)C1CCN(C[C@H]2CN(C(=O)c3ccccc3Cl)C[C@@H]2c2ccccc2)CC1,34.0,%,F,ChEMBL
CHEMBL421544,CCCC[C@H](NC(=O)OC(C(C)C)C(C)C)C(=O)C(=O)NCc1ccno1,32.0,%,F,ChEMBL
CHEMBL87684,CNC(=O)NCCCC[C@H](NC(=O)OC(C(C)C)C(C)C)C(=O)C(=O)N[C@H](C)c1ccccc1,10.0,%,F,ChEMBL
CHEMBL335279,CC(=O)NC[C@H]1CN(c2ccc3c(c2)C[C@@H](C)N3C(=O)CO)C(=O)O1,55.4,%,F,ChEMBL
CHEMBL139242,CC(C)OC(=O)C(=O)[C@H](CCCCN)NC(=O)[C@@H]1CCCN1C(=O)[C@@H](CC1CCCCC1)NCC(=O)O,32.0,%,F,ChEMBL
CHEMBL139242,CC(C)OC(=O)C(=O)[C@H](CCCCN)NC(=O)[C@@H]1CCCN1C(=O)[C@@H](CC1CCCCC1)NCC(=O)O,71.0,%,F,ChEMBL
CHEMBL292112,O=C(Cc1cccs1)N[C@@H]1C(=O)N2C(C(=O)O)=C(Cl)CS[C@H]12,44.0,%,F,ChEMBL
CHEMBL292112,O=C(Cc1cccs1)N[C@@H]1C(=O)N2C(C(=O)O)=C(Cl)CS[C@H]12,21.0,%,F,ChEMBL
CHEMBL292112,O=C(Cc1cccs1)N[C@@H]1C(=O)N2C(C(=O)O)=C(Cl)CS[C@H]12,13.1,%,F,ChEMBL
CHEMBL351706,N#Cc1ccc2c(c1)CN(S(=O)(=O)c1cccs1)[C@H](Cc1ccccc1)CN2Cc1c[nH]cn1,56.0,%,F,ChEMBL
CHEMBL291480,Nc1nc(CC(=O)N[C@@H]2C(=O)N3C(C(=O)O)=C(Cl)CS[C@H]23)cs1,64.0,%,F,ChEMBL
CHEMBL291480,Nc1nc(CC(=O)N[C@@H]2C(=O)N3C(C(=O)O)=C(Cl)CS[C@H]23)cs1,28.0,%,F,ChEMBL
CHEMBL291480,Nc1nc(CC(=O)N[C@@H]2C(=O)N3C(C(=O)O)=C(Cl)CS[C@H]23)cs1,4.2,%,F,ChEMBL
CHEMBL291480,Nc1nc(CC(=O)N[C@@H]2C(=O)N3C(C(=O)O)=C(Cl)CS[C@H]23)cs1,19.2,%,F,ChEMBL
CHEMBL283438,NC(=O)c1cccc2[nH]c3c(N4CCN(CCc5ccc(F)c(F)c5)CC4)ncnc3c12,81.0,%,F,ChEMBL
CHEMBL283438,NC(=O)c1cccc2[nH]c3c(N4CCN(CCc5ccc(F)c(F)c5)CC4)ncnc3c12,52.0,%,F,ChEMBL
CHEMBL302873,O=C(Cc1ccc(O)cc1)N[C@@H]1C(=O)N2C(C(=O)O)=C(Cl)CS[C@H]12,14.0,%,F,ChEMBL
CHEMBL102741,Cc1cn(Cc2ccccc2)c2cc(C(=O)Nc3c(Cl)c[n+]([O-])cc3Cl)ccc12,33.0,%,F,ChEMBL
CHEMBL611,COc1cc2nc(N3CCN(C(=O)C4CCCO4)CC3)nc(N)c2cc1OC,49.0,%,F,ChEMBL
CHEMBL433973,COC(=O)NCCCCC(C)(C)CN(C[C@@H](O)[C@H](Cc1ccccc1)NC(=O)O[C@H]1CO[C@H]2OCC[C@H]21)S(=O)(=O)c1ccc2c(c1)OCO2,20.0,%,F,ChEMBL
CHEMBL337780,NCCCC[C@H](NC(=O)[C@@H]1CCCCN1C(=O)[C@@H](CC1CCCCC1)NCC(=O)O)C(=O)C(=O)O,6.0,%,F,ChEMBL
CHEMBL12769,O=S(=O)(Nc1ccc(CCNC[C@H](O)COc2ccc(O)cc2)cc1)c1cnc2ccccc2c1,3.0,%,F,ChEMBL
CHEMBL119771,CS(=O)(=O)N1Cc2cc(Br)ccc2N(Cc2c[nH]cn2)C[C@H]1Cc1ccccc1,40.0,%,F,ChEMBL
CHEMBL43883,COCC1=C(C(=O)O)N2C(=O)[C@@H](NC(=O)COc3ccccc3)[C@H]2SC1,19.0,%,F,ChEMBL
CHEMBL153640,CC(=N)N1CCC(Oc2ccc3c(c2)OCC(=O)N3Cc2ccc3ccc(C(=N)N)cc3c2)CC1,4.6,%,F,ChEMBL
CHEMBL47080,CC1=C(C(=O)O)N2C(=O)[C@@H](NC(=O)COc3ccccc3)[C@H]2SC1,37.0,%,F,ChEMBL
CHEMBL305122,C=CC1=C(C(=O)O)N2C(=O)[C@@H](NC(=O)COc3ccccc3)[C@H]2SC1,36.0,%,F,ChEMBL
CHEMBL284136,O=C1N(Cc2cccc(O)c2)[C@H](Cc2ccccc2)[C@H](O)[C@@H](O)[C@@H](Cc2ccccc2)N1Cc1cccc(O)c1,30.0,%,F,ChEMBL
CHEMBL284136,O=C1N(Cc2cccc(O)c2)[C@H](Cc2ccccc2)[C@H](O)[C@@H](O)[C@@H](Cc2ccccc2)N1Cc1cccc(O)c1,16.0,%,F,ChEMBL
CHEMBL138267,NCCCC[C@H](NC(=O)[C@@H]1CCN1C(=O)[C@@H](CC1CCCCC1)NCC(=O)O)C(=O)C(=O)O,15.0,%,F,ChEMBL
CHEMBL138267,NCCCC[C@H](NC(=O)[C@@H]1CCN1C(=O)[C@@H](CC1CCCCC1)NCC(=O)O)C(=O)C(=O)O,1.0,%,F,ChEMBL
CHEMBL323312,Cc1c[n+]([O-])ccc1CC(c1ccc(C(O)(C(F)(F)F)C(F)(F)F)cc1)c1ccc(OC(F)F)c(OC(F)F)c1,60.0,%,F,ChEMBL
CHEMBL93139,C=CCN(C(=O)OCc1ccc([N+](=O)[O-])cc1)C1CCN(CC[C@](C)(CN(C)S(=O)(=O)c2ccccc2)c2ccccc2)CC1,29.0,%,F,ChEMBL
CHEMBL1185,CN(C)CCc1c[nH]c2ccc(C[C@H]3COC(=O)N3)cc12,40.0,%,F,ChEMBL
CHEMBL86088,CCCC[C@H](NC(=O)OC(C(C)C)C(C)C)C(=O)C(=O)N[C@H]1CCCNC1=O,20.0,%,F,ChEMBL
CHEMBL424542,CC[C@H]1OC(=O)[C@H](C)[C@@H](O[C@H]2C[C@@](C)(OC)C[C@H](C)O2)[C@H](C)[C@@H](O[C@@H]2O[C@H](C)C[C@H](N(C)C)[C@H]2O)[C@@]2(C)C[C@@H](C)[C@@H](O2)[C@H](C)[C@@H](O)[C@]1(C)O,5.0,%,F,ChEMBL
CHEMBL34593,COCCC[C@]1(C(=O)N[C@@H](Cc2ccc(-c3c(OC)cccc3OC)cc2)C(=O)O)CCCO1,1.9,%,F,ChEMBL
CHEMBL285417,O=C1N(Cc2cccc(CO)c2)[C@H](Cc2ccccc2)[C@H](O)[C@@H](O)[C@@H](Cc2ccccc2)N1Cc1cccc(CO)c1,18.0,%,F,ChEMBL
CHEMBL35860,O=C1N(Cc2ccc(O)cc2)[C@H](Cc2ccccc2)[C@H](O)[C@@H](O)[C@@H](Cc2ccccc2)N1Cc1ccc(O)cc1,22.0,%,F,ChEMBL
CHEMBL356584,CCC1=C(C(N)=O)C(c2ccc(F)c(F)c2)N(C(=O)NCCCN2CCC(C(=O)OC)(c3ccccc3)CC2)C(=O)N1,15.0,%,F,ChEMBL
CHEMBL356584,CCC1=C(C(N)=O)C(c2ccc(F)c(F)c2)N(C(=O)NCCCN2CCC(C(=O)OC)(c3ccccc3)CC2)C(=O)N1,26.0,%,F,ChEMBL
CHEMBL291460,O=C(Cc1ccsc1)N[C@@H]1C(=O)N2C(C(=O)O)=C(Cl)CS[C@H]12,47.0,%,F,ChEMBL
CHEMBL545712,COc1ccc(CNc2nnc(N3CCC(O)CC3)c3ccc(C#N)cc23)cc1Cl.Cl,19.5,%,BA,ChEMBL
CHEMBL446669,CCCC[C@H](NC(=O)OC(C(C)C)C(C)C)C(=O)C(=O)NCc1ccccn1,10.0,%,F,ChEMBL
CHEMBL52381,Cc1[nH]c(N)nc1[C@@H]1[C@@H](c2cccc(Cl)c2)C1(C)C,26.0,%,F,ChEMBL
CHEMBL21145,O=C1N(Cc2ccc(CO)cc2)[C@H](Cc2ccccc2)[C@H](O)[C@@H](O)[C@@H](Cc2ccccc2)N1Cc1ccc(CO)cc1,27.0,%,F,ChEMBL
CHEMBL21145,O=C1N(Cc2ccc(CO)cc2)[C@H](Cc2ccccc2)[C@H](O)[C@@H](O)[C@@H](Cc2ccccc2)N1Cc1ccc(CO)cc1,37.0,%,F,ChEMBL
CHEMBL343804,NCCCC[C@H](NC(=O)[C@@H]1CCCN1C(=O)[C@@H](CC1CCCCC1)NCC(=O)O)C(=O)C(=O)NCCc1ccccc1,23.0,%,F,ChEMBL
CHEMBL297962,CC1(C)[C@H](C(=O)N=C(N)N)[C@H]1c1cccc(Cl)c1,26.0,%,F,ChEMBL
CHEMBL318586,Cc1cn(CC2CCCCC2)c2cc(C(=O)Nc3c(Cl)c[n+]([O-])cc3Cl)ccc12,96.0,%,F,ChEMBL
CHEMBL336229,NCCCC[C@H](NC(=O)[C@@H]1C=CCN1C(=O)[C@@H](CC1CCCCC1)NCC(=O)O)C(=O)C(=O)O,37.0,%,F,ChEMBL
CHEMBL336229,NCCCC[C@H](NC(=O)[C@@H]1C=CCN1C(=O)[C@@H](CC1CCCCC1)NCC(=O)O)C(=O)C(=O)O,68.0,%,F,ChEMBL
CHEMBL87332,CCCC[C@H](NC(=O)OC(C(C)C)C(C)C)C(=O)C(=O)NCc1ccncc1,5.2,%,F,ChEMBL
CHEMBL615,CC1(C)S[C@@H]2[C@H](NC(=O)COc3ccccc3)C(=O)N2[C@H]1C(=O)O,29.0,%,F,ChEMBL
CHEMBL615,CC1(C)S[C@@H]2[C@H](NC(=O)COc3ccccc3)C(=O)N2[C@H]1C(=O)O,11.0,%,F,ChEMBL
CHEMBL615,CC1(C)S[C@@H]2[C@H](NC(=O)COc3ccccc3)C(=O)N2[C@H]1C(=O)O,5.5,%,F,ChEMBL
CHEMBL615,CC1(C)S[C@@H]2[C@H](NC(=O)COc3ccccc3)C(=O)N2[C@H]1C(=O)O,11.6,%,F,ChEMBL
CHEMBL615,CC1(C)S[C@@H]2[C@H](NC(=O)COc3ccccc3)C(=O)N2[C@H]1C(=O)O,34.0,%,F,ChEMBL
CHEMBL291968,O=C(Cc1csc2ccccc12)N[C@@H]1C(=O)N2C(C(=O)O)=C(Cl)CS[C@H]12,47.0,%,F,ChEMBL
CHEMBL291968,O=C(Cc1csc2ccccc12)N[C@@H]1C(=O)N2C(C(=O)O)=C(Cl)CS[C@H]12,1.3,%,F,ChEMBL
CHEMBL78535,CCO/N=C(\c1ccc(Br)cc1)C1CCN(C2(C)CCN(C(=O)c3c(C)cc[n+]([O-])c3C)CC2)CC1,63.0,%,BA,ChEMBL
CHEMBL78535,CCO/N=C(\c1ccc(Br)cc1)C1CCN(C2(C)CCN(C(=O)c3c(C)cc[n+]([O-])c3C)CC2)CC1,52.0,%,BA,ChEMBL
CHEMBL78535,CCO/N=C(\c1ccc(Br)cc1)C1CCN(C2(C)CCN(C(=O)c3c(C)cc[n+]([O-])c3C)CC2)CC1,92.0,%,BA,ChEMBL
CHEMBL128,CNS(=O)(=O)Cc1ccc2[nH]cc(CCN(C)C)c2c1,14.0,%,F,ChEMBL
CHEMBL139051,NCCCC[C@H](NC(=O)[C@@H]1CCCN1C(=O)[C@@H](CC1CCCCC1)NCC(=O)O)C(=O)C(=O)O,19.0,%,F,ChEMBL
CHEMBL139051,NCCCC[C@H](NC(=O)[C@@H]1CCCN1C(=O)[C@@H](CC1CCCCC1)NCC(=O)O)C(=O)C(=O)O,24.0,%,F,ChEMBL
CHEMBL431306,O=C1N(CC2CC2)[C@H](Cc2ccccc2)[C@H](O)[C@@H](O)[C@@H](Cc2ccccc2)N1CC1CC1,100.0,%,F,ChEMBL
CHEMBL431306,O=C1N(CC2CC2)[C@H](Cc2ccccc2)[C@H](O)[C@@H](O)[C@@H](Cc2ccccc2)N1CC1CC1,48.0,%,F,ChEMBL
CHEMBL87961,CCCC[C@H](NC(=O)OC(C(C)C)C(C)C)C(=O)C(=O)NCc1cncs1,55.0,%,F,ChEMBL
CHEMBL303781,O=C(Cc1csc(Cl)n1)N[C@@H]1C(=O)N2C(C(=O)O)=C(Cl)CS[C@H]12,56.0,%,F,ChEMBL
CHEMBL680,N[C@@H](C(=O)N[C@@H]1C(=O)N2C(C(=O)O)=C(Cl)CS[C@H]12)c1ccccc1,76.0,%,F,ChEMBL
CHEMBL34498,COc1cccc(OC)c1-c1ccc(C[C@H](NC(=O)[C@@]2(C)CCCO2)C(=O)O)cc1,51.0,%,F,ChEMBL
CHEMBL44431,O=C(COc1ccccc1)N[C@@H]1C(=O)N2C(C(=O)O)=C(Cl)CS[C@H]12,56.0,%,F,ChEMBL
CHEMBL44431,O=C(COc1ccccc1)N[C@@H]1C(=O)N2C(C(=O)O)=C(Cl)CS[C@H]12,30.0,%,F,ChEMBL
CHEMBL44431,O=C(COc1ccccc1)N[C@@H]1C(=O)N2C(C(=O)O)=C(Cl)CS[C@H]12,13.1,%,F,ChEMBL
CHEMBL44431,O=C(COc1ccccc1)N[C@@H]1C(=O)N2C(C(=O)O)=C(Cl)CS[C@H]12,23.1,%,F,ChEMBL
CHEMBL60601,O=C(Cc1ccccc1)N[C@@H]1C(=O)N2C(C(=O)O)=CCS[C@H]12,12.0,%,F,ChEMBL
CHEMBL126,CC(=O)NC[C@H]1CN(c2ccc(N3CCOCC3)c(F)c2)C(=O)O1,109.0,%,F,ChEMBL
CHEMBL328297,C=CCN(C(=O)OCc1ccc([N+](=O)[O-])cc1)C1CCN(C[C@H]2CN(C(=O)c3ccccc3Cl)C[C@@H]2c2ccccc2)CC1,39.0,%,F,ChEMBL
CHEMBL343794,NCCCC[C@H](NC(=O)CN(C(=O)[C@@H](CC1CCCCC1)NCC(=O)O)C1CCCC1)C(=O)C(=O)O,2.0,%,F,ChEMBL
CHEMBL284314,C=CCN1C(=O)N(CC=C)[C@H](Cc2ccccc2)[C@H](O)[C@@H](O)[C@H]1Cc1ccccc1,49.0,%,F,ChEMBL
CHEMBL334180,CS(=O)(=O)O.Nc1cccc(N2C(=O)N(c3cccc(N)c3)[C@H](Cc3ccccc3)[C@H](O)[C@@H](O)[C@H]2Cc2ccccc2)c1,71.0,%,F,ChEMBL
CHEMBL334180,CS(=O)(=O)O.Nc1cccc(N2C(=O)N(c3cccc(N)c3)[C@H](Cc3ccccc3)[C@H](O)[C@@H](O)[C@H]2Cc2ccccc2)c1,79.0,%,F,ChEMBL
CHEMBL341581,NCCCC[C@H](NC(=O)[C@@H]1CCCN1C(=O)[C@@H](CC1CCCCC1)NCC(=O)O)C(=O)c1ncco1,28.0,%,F,ChEMBL
CHEMBL168362,CC[C@H]1NC(=O)[C@H](C)[C@@H](O[C@H]2C[C@@](C)(OC)C[C@H](C)O2)[C@H](C)[C@@H](O[C@@H]2O[C@H](C)C[C@H](N(C)C)[C@H]2O)[C@@]2(C)C[C@@H](C)[C@@H](O2)[C@H](C)[C@@H](O)[C@]1(C)O,40.0,%,F,ChEMBL
CHEMBL357628,CCC1=C(C(N)=O)C(c2ccc(F)cc2F)N(C(=O)NCCCN2CCC(C#N)(c3ccccc3)CC2)C(=O)N1,8.0,%,F,ChEMBL
CHEMBL357628,CCC1=C(C(N)=O)C(c2ccc(F)cc2F)N(C(=O)NCCCN2CCC(C#N)(c3ccccc3)CC2)C(=O)N1,32.0,%,F,ChEMBL
CHEMBL2110300,CN(C)[C@H]1C[C@H](c2c[nH]c3ccc(CC4COC(=O)N4)cc32)C1,35.0,%,F,ChEMBL
CHEMBL2110300,CN(C)[C@H]1C[C@H](c2c[nH]c3ccc(CC4COC(=O)N4)cc32)C1,41.0,%,F,ChEMBL
CHEMBL84691,CCCC[C@H](NC(=O)OC(C(C)C)C(C)C)C(=O)C(=O)N[C@H](C)c1ccccc1,3.1,%,F,ChEMBL
CHEMBL302849,COC1=C(C(=O)O)N2C(=O)[C@@H](NC(=O)COc3ccccc3)[C@H]2SC1,14.0,%,F,ChEMBL
CHEMBL60259,Cc1nc(CC(=O)N[C@@H]2C(=O)N3C(C(=O)O)=C(Cl)CS[C@H]23)cs1,66.0,%,F,ChEMBL
CHEMBL96417,CC#CCOc1ccc(S(=O)(=O)N[C@@H](C(=O)NO)C(C)O)cc1,100.0,%,F,ChEMBL
CHEMBL96417,CC#CCOc1ccc(S(=O)(=O)N[C@@H](C(=O)NO)C(C)O)cc1,46.0,%,F,ChEMBL
CHEMBL96417,CC#CCOc1ccc(S(=O)(=O)N[C@@H](C(=O)NO)C(C)O)cc1,75.0,%,F,ChEMBL
CHEMBL96417,CC#CCOc1ccc(S(=O)(=O)N[C@@H](C(=O)NO)C(C)O)cc1,17.0,%,F,ChEMBL
CHEMBL137945,NCCCC[C@H](NC(=O)[C@@H]1CCCN1C(=O)[C@@H](CC1CCCCC1)NCC(=O)O)C(=O)c1nccs1,11.0,%,F,ChEMBL
CHEMBL139359,NCCCC[C@H](NC(=O)[C@@H]1CC2CCCCC2N1C(=O)[C@@H](CC1CCCCC1)NCC(=O)O)C(=O)C(=O)O,25.0,%,F,ChEMBL
CHEMBL266349,N=C(N)c1ccc(CNC(=O)[C@@H]2CCN2C(=O)[C@H](NCC(=O)O)C2CCCCC2)cc1,5.2,%,F,ChEMBL
CHEMBL79263,CCOC(=O)[C@]1(Cc2ccccc2)CCCN(C(=O)[C@@H](Cc2c[nH]c3ccccc23)NC(=O)C(C)(C)N)C1,12.1,%,F,ChEMBL
CHEMBL79263,CCOC(=O)[C@]1(Cc2ccccc2)CCCN(C(=O)[C@@H](Cc2c[nH]c3ccccc23)NC(=O)C(C)(C)N)C1,29.0,%,F,ChEMBL
CHEMBL445898,CCCC[C@H](NC(=O)OC(C(C)C)C(C)C)C(=O)C(=O)NCc1nnco1,16.0,%,F,ChEMBL
CHEMBL59899,O=C(COc1ccccc1)N[C@@H]1C(=O)N2C(C(=O)O)=CCS[C@H]12,22.0,%,F,ChEMBL
CHEMBL351460,CC[C@H]1NC(=O)[C@H](C)[C@@H](O[C@H]2C[C@@](C)(OC)C[C@H](C)O2)[C@H](C)[C@@H](O[C@@H]2O[C@H](C)C[C@H](N(C)C(C)C)[C@H]2O)[C@@]2(C)C[C@@H](C)[C@@H](O2)[C@H](C)[C@@H](O)[C@]1(C)O,60.5,%,F,ChEMBL
CHEMBL280662,Cn1c(-c2ccc(Cl)cc2)c(CCC(=O)N2CCC(O)(Cc3ccccc3)CC2)c2cc(Cl)ccc21,3.0,%,F,ChEMBL
CHEMBL60336,O=C(COc1ccc(O)cc1)N[C@@H]1C(=O)N2C(C(=O)O)=C(Cl)CS[C@H]12,21.0,%,F,ChEMBL
CHEMBL60169,C=CC1=C(C(=O)O)N2C(=O)[C@@H](NC(=O)Cc3csc(N)n3)[C@H]2SC1,25.0,%,F,ChEMBL
CHEMBL293958,O=C(Cc1ccccc1)N[C@@H]1C(=O)N2C(C(=O)O)=C(Cl)CS[C@H]12,37.0,%,F,ChEMBL
CHEMBL293958,O=C(Cc1ccccc1)N[C@@H]1C(=O)N2C(C(=O)O)=C(Cl)CS[C@H]12,17.0,%,F,ChEMBL
CHEMBL293958,O=C(Cc1ccccc1)N[C@@H]1C(=O)N2C(C(=O)O)=C(Cl)CS[C@H]12,15.1,%,F,ChEMBL
CHEMBL291536,Cc1nc2ccc(NC(=O)Nc3ccnc4cccnc34)cc2o1,10.0,%,F,ChEMBL
CHEMBL140078,NCCCC[C@H](NC(=O)[C@@H]1CCCN1C(=O)[C@H](N)CC1CCCCC1)C(=O)C(=O)O,16.0,%,F,ChEMBL
CHEMBL141233,CC(=O)c1ccccc1CC[C@H](SC[C@@H](C)C(=O)O)c1cccc(/C=C/c2ccc3ccc(Cl)cc3n2)c1,52.0,%,F,ChEMBL
CHEMBL290053,O=S(=O)(Nc1ccc(CCNC[C@H](O)c2cccnc2)cc1)c1ccc(-c2coc(-c3ccc(C(F)(F)F)cc3)n2)cc1,32.5,%,F,ChEMBL
CHEMBL87785,Cc1cc(C)cc(-c2[nH]c3ccc(C(C)(C)C(=O)N4C5CCC4CC5)cc3c2[C@H](C)CNCCc2ccncc2)c1,23.0,%,F,ChEMBL
CHEMBL87785,Cc1cc(C)cc(-c2[nH]c3ccc(C(C)(C)C(=O)N4C5CCC4CC5)cc3c2[C@H](C)CNCCc2ccncc2)c1,14.0,%,F,ChEMBL
CHEMBL87785,Cc1cc(C)cc(-c2[nH]c3ccc(C(C)(C)C(=O)N4C5CCC4CC5)cc3c2[C@H](C)CNCCc2ccncc2)c1,6.4,%,F,ChEMBL
CHEMBL282904,COc1nc2c(SCCCc3cc4c(cc3O)CC(CCc3ccccc3)O4)cccc2cc1C(=O)O,3.0,%,F,ChEMBL
CHEMBL25666,Oc1cc2c(cc1Cc1ccccc1)OC(CCc1ccccc1)C2,44.0,%,F,ChEMBL
CHEMBL349051,CSCC[C@H](NC(=O)c1ccc(/C=C/c2cccnc2)cc1-c1ccccc1C)C(=O)O,23.0,%,F,ChEMBL
CHEMBL349051,CSCC[C@H](NC(=O)c1ccc(/C=C/c2cccnc2)cc1-c1ccccc1C)C(=O)O,24.5,%,F,ChEMBL
CHEMBL316362,Cc1cc(C)cc(-c2[nH]c3ccc(C(C)(C)C(=O)N4C[C@H]5CC[C@@H]4C5)cc3c2[C@H](C)CNCCc2ccncc2)c1,8.5,%,F,ChEMBL
CHEMBL87728,O=C(O)C[C@H](NC(=O)[C@@H]1CCCN(C(=O)CCC2CCNCC2)C1)c1cccnc1,16.0,%,F,ChEMBL
CHEMBL38254,O=S(=O)(Nc1ccc(CCNC[C@H](O)c2cccnc2)cc1)c1ccc(-c2cnc(CCC3CCCC3)o2)cc1,38.3,%,F,ChEMBL
CHEMBL265288,Cc1cc(C)cc(-c2[nH]c3ccc(C(C)(C)C(=O)N4CC5CCC4CC5)cc3c2[C@H](C)CNCCCCc2ccncc2)c1,14.0,%,F,ChEMBL
CHEMBL265288,Cc1cc(C)cc(-c2[nH]c3ccc(C(C)(C)C(=O)N4CC5CCC4CC5)cc3c2[C@H](C)CNCCCCc2ccncc2)c1,7.0,%,F,ChEMBL
CHEMBL421437,Nc1ccc(CNC(=O)[C@@H]2CCCN2C(=O)[C@H](N)C(C2CCCCC2)C2CCCCC2)cn1,76.0,%,F,ChEMBL
CHEMBL24178,Oc1cc2c(cc1CCCSc1ccncc1)OC(CCc1ccccc1)C2,11.0,%,F,ChEMBL
CHEMBL278817,Oc1cc2c(cc1CCCOc1ccccc1)OC(CCc1ccc(Cl)cc1)C2,6.0,%,F,ChEMBL
CHEMBL122331,CC(C)(C)OC(=O)N[C@@H](C(=O)N1CCC[C@H]1C(=O)NCc1ccc(N)nc1)C(C1CCCCC1)C1CCCCC1,60.0,%,F,ChEMBL
CHEMBL96224,COc1ccc(NS(=O)(=O)C(F)(F)F)cc1C[C@@H]1COc2ccc(OCc3nc4cc(F)c(F)cc4s3)cc2[C@@H]1O,46.0,%,F,ChEMBL
CHEMBL96224,COc1ccc(NS(=O)(=O)C(F)(F)F)cc1C[C@@H]1COc2ccc(OCc3nc4cc(F)c(F)cc4s3)cc2[C@@H]1O,72.0,%,F,ChEMBL
CHEMBL38704,O=S(=O)(Nc1ccc(CCNC[C@H](O)c2cccnc2)cc1)c1ccc(-c2cnc(-c3ccc(F)c(F)c3)o2)cc1,38.6,%,F,ChEMBL
CHEMBL423111,CCc1ccccc1C1Cc2cc(OC(=O)C3O[C@@H](O)[C@H](O)[C@@H](O)[C@H]3O)c(CCCOc3ccccc3)cc2O1,0.0,%,F,ChEMBL
CHEMBL288247,COc1ccc([C@@H]2c3nc(NC(C)C)ccc3[C@H](c3ccc4c(c3)OCO4)[C@H]2C(=O)O)c(CC(C)CO)c1,7.6,%,F,ChEMBL
CHEMBL282530,Oc1cc2c(cc1CCCOc1ccccc1)OC(CCc1ccccc1)C2,5.0,%,F,ChEMBL
CHEMBL337923,Cc1cc(N)nc(C)c1CNC(=O)[C@@H]1CCCN1C(=O)[C@H](NC(=O)OC(C)(C)C)C(c1ccccc1)c1ccccc1,40.0,%,F,ChEMBL
CHEMBL287880,O=S(=O)(Nc1ccc(CCNC[C@H](O)c2cccnc2)cc1)c1ccc(-c2cnc(Cc3ccc(F)c(F)c3)o2)cc1,40.5,%,F,ChEMBL
CHEMBL289634,COCC(C)Cc1cc(OC)ccc1[C@@H]1c2nc(NC(C)C)ccc2[C@H](c2ccc3c(c2)OCO3)[C@H]1C(=O)O,70.0,%,F,ChEMBL
CHEMBL289634,COCC(C)Cc1cc(OC)ccc1[C@@H]1c2nc(NC(C)C)ccc2[C@H](c2ccc3c(c2)OCO3)[C@H]1C(=O)O,70.0,%,F,ChEMBL
CHEMBL86911,Cc1cc(C)cc(-c2[nH]c3ccc(C(C)(C)C(=O)N4CC5CCC4CC5)cc3c2[C@H](C)CNCCc2cc(C)c(=O)n(C)c2)c1,35.0,%,F,ChEMBL
CHEMBL86911,Cc1cc(C)cc(-c2[nH]c3ccc(C(C)(C)C(=O)N4CC5CCC4CC5)cc3c2[C@H](C)CNCCc2cc(C)c(=O)n(C)c2)c1,4.0,%,F,ChEMBL
CHEMBL329015,O=C(N[C@@H](CNC(=O)C1CCCn2c(/C=C/C3CCNCC3)nnc21)C(=O)O)OCc1ccccc1,23.0,%,F,ChEMBL
CHEMBL122801,Nc1ccc(CNC(=O)[C@@H]2CCCN2C(=O)[C@@H](Cc2ccc(Cl)c(Cl)c2)NS(=O)(=O)Cc2ccccc2)cc1,35.0,%,F,ChEMBL
CHEMBL328528,O=C(O)C[C@H](NC(=O)C1CCCn2c(/C=C/C3CCNCC3)nnc21)c1cccnc1,31.0,%,F,ChEMBL
CHEMBL24652,COc1cc(C(=O)NS(=O)(=O)c2ccccc2C)ccc1Cc1cn(C)c2ccc(C(=O)NCC(C)CC(F)(F)F)cc12,33.0,%,F,ChEMBL
CHEMBL24652,COc1cc(C(=O)NS(=O)(=O)c2ccccc2C)ccc1Cc1cn(C)c2ccc(C(=O)NCC(C)CC(F)(F)F)cc12,12.0,%,F,ChEMBL
CHEMBL432038,N[C@](CC1c2ccccc2Oc2ccccc21)(C(=O)O)[C@H]1C[C@@H]1C(=O)O,152.0,%,F,ChEMBL
CHEMBL432038,N[C@](CC1c2ccccc2Oc2ccccc21)(C(=O)O)[C@H]1C[C@@H]1C(=O)O,3.4,%,F,ChEMBL
CHEMBL432038,N[C@](CC1c2ccccc2Oc2ccccc21)(C(=O)O)[C@H]1C[C@@H]1C(=O)O,2.0,%,F,ChEMBL
CHEMBL94702,COc1ccc2ccc(S(=O)(=O)NC(Cc3cc4c(N)nccc4s3)C(=O)N3CCC(C)CC3)cc2c1,36.0,%,F,ChEMBL
CHEMBL96206,COc1ccc(NS(=O)(=O)C(F)(F)F)cc1C[C@@H]1COc2ccc(OCc3ccc4ccc(Cl)cc4n3)cc2[C@@H]1O,53.0,%,F,ChEMBL
CHEMBL96206,COc1ccc(NS(=O)(=O)C(F)(F)F)cc1C[C@@H]1COc2ccc(OCc3ccc4ccc(Cl)cc4n3)cc2[C@@H]1O,100.0,%,F,ChEMBL
CHEMBL287711,COc1ccc([C@@H]2c3nc(NC(C)C)ccc3[C@H](c3ccc4c(c3)OCO4)[C@H]2C(=O)O)c(CO)c1,57.0,%,F,ChEMBL
CHEMBL442263,COc1cc(C(=O)NS(=O)(=O)c2ccccc2C)ccc1Cc1cn(C)c2ccc(C(=O)NC[C@H](C)CC(F)(F)F)cc12,33.0,%,F,ChEMBL
CHEMBL442263,COc1cc(C(=O)NS(=O)(=O)c2ccccc2C)ccc1Cc1cn(C)c2ccc(C(=O)NC[C@H](C)CC(F)(F)F)cc12,15.0,%,F,ChEMBL
CHEMBL442263,COc1cc(C(=O)NS(=O)(=O)c2ccccc2C)ccc1Cc1cn(C)c2ccc(C(=O)NC[C@H](C)CC(F)(F)F)cc12,38.0,%,F,ChEMBL
CHEMBL314260,Cc1cc(C)cc(-c2[nH]c3ccc(C(C)(C)C(=O)N4CC5CCC4CC5)cc3c2[C@H](C)CNCCc2ccncc2)c1,8.0,%,F,ChEMBL
CHEMBL314260,Cc1cc(C)cc(-c2[nH]c3ccc(C(C)(C)C(=O)N4CC5CCC4CC5)cc3c2[C@H](C)CNCCc2ccncc2)c1,25.0,%,F,ChEMBL
CHEMBL314260,Cc1cc(C)cc(-c2[nH]c3ccc(C(C)(C)C(=O)N4CC5CCC4CC5)cc3c2[C@H](C)CNCCc2ccncc2)c1,21.0,%,F,ChEMBL
CHEMBL113436,Cc1ccnc(C)c1C(=O)N1CCC(C)(N2CCN([C@@H](C)c3ccc(C(F)(F)F)cc3)[C@@H](C)C2)CC1,33.0,%,BA,ChEMBL
CHEMBL113436,Cc1ccnc(C)c1C(=O)N1CCC(C)(N2CCN([C@@H](C)c3ccc(C(F)(F)F)cc3)[C@@H](C)C2)CC1,27.5,%,BA,ChEMBL
CHEMBL322251,Cc1cc[n+]([O-])c(C)c1C(=O)N1CCC(C)(N2CCN([C@@H](C)c3ccc(C(F)(F)F)cc3)[C@@H](C)C2)CC1,65.0,%,BA,ChEMBL
CHEMBL322251,Cc1cc[n+]([O-])c(C)c1C(=O)N1CCC(C)(N2CCN([C@@H](C)c3ccc(C(F)(F)F)cc3)[C@@H](C)C2)CC1,59.0,%,BA,ChEMBL
CHEMBL421160,Cc1cc(C)cc(-c2[nH]c3ccc(C(C)(C)C(=O)N4CC5CCC4CC5)cc3c2[C@H](C)CNCCc2cccnc2)c1,12.0,%,F,ChEMBL
CHEMBL278861,CCCc1c(O)c(CCCOc2ccc(C3N=NN=N3)cc2)cc2c1CC(CCc1ccccc1)O2,12.0,%,F,ChEMBL
CHEMBL125181,CN[C@H](Cc1ccccc1)C(=O)N1CCC[C@H]1C(=O)NC[C@H]1CC[C@H](N)CC1,1.0,%,F,ChEMBL
CHEMBL2303836,CC(=O)OC[C@@H]1O[C@@H](OC[C@@H]2NC(=O)[C@H](Cc3ccccc3)NC(=O)[C@H](Cc3ccc(O)cc3)NC(=O)CCSSC[C@@H](C(=O)N3CCC[C@H]3C(=O)N[C@@H](CCCN=C(N)N)C(=O)NCC(N)=O)NC(=O)[C@H](CC(N)=O)NC2=O)[C@@H](OC(C)=O)[C@@H](OC(C)=O)[C@H]1OC(C)=O,2.1,%,F,ChEMBL
CHEMBL74355,COc1cccc([C@H](O)C2CCN(CCc3ccc(F)cc3)CC2)c1OC,3.0,%,F,ChEMBL
CHEMBL416317,Cc1c(N2CC[C@H]([C@@H](N)C(F)(F)F)C2)c(F)cn2c(=O)c(C(=O)O)cc(C3CC3)c12,57.0,%,F,ChEMBL
CHEMBL99629,C/C(=C1\CC(=O)N(c2ccc(-c3ccccc3S(N)(=O)=O)cc2)C1=O)c1cccc(C(=N)N)c1,1.4,%,F,ChEMBL
CHEMBL162117,Cn1cc(C(=O)O)c(=O)c2cc(F)c(N3CCN(c4ncccn4)CC3)c(C(F)(F)F)c21,112.1,%,BA,ChEMBL
CHEMBL150220,N#Cc1ccc(S(=O)(=O)C2CCN(CCc3ccc(F)cc3F)CC2)cc1,23.0,%,F,ChEMBL
CHEMBL63011,CCOC(=O)CCNC(=O)N1CCC2(CC1)CC(=O)N(c1ccc(C(=N)NO)cc1)C2,14.1,%,F,ChEMBL
CHEMBL99631,N=C(NO)c1cccc(/C(=C(/F)C(=O)Nc2ccc(-c3ccccc3S(N)(=O)=O)cc2)n2cccn2)c1,25.0,%,F,ChEMBL
CHEMBL299958,CCCc1cc(Oc2ccccc2)ccc1OCCCOc1ccc(C2SC(=O)NC2=O)cc1F,63.0,%,F,ChEMBL
CHEMBL52426,CCCc1cc(Oc2ccc(Cl)cc2)ccc1OCCCOc1ccc(C2SC(=O)NC2=O)cc1,58.0,%,F,ChEMBL
CHEMBL69125,CCCN1CCC2c3c(cccc3C(N)=O)CCC21,70.0,%,F,ChEMBL
CHEMBL424418,Nc1nccc(-c2[nH]c(C3CCNCC3)nc2-c2cccc(C(F)(F)F)c2)n1,0.0,%,F,ChEMBL
CHEMBL133292,Nc1cccc(CN2C(=O)N(Cc3cccc(C(=O)Nc4ncc[nH]4)c3)[C@H](Cc3ccccc3)[C@H](O)[C@@H](O)[C@H]2Cc2ccccc2)c1,68.0,%,F,ChEMBL
CHEMBL103340,CNNC(=N)c1cccc(/C(C)=C2/CC(=O)N(c3ccc(-c4ccccc4S(N)(=O)=O)cc3)C2=O)c1,1.1,%,F,ChEMBL
CHEMBL430970,CCCc1cc(Oc2ccc(-c3ccccc3)cc2)ccc1OCCCOc1ccc(C2SC(=O)NC2=O)cc1,6.0,%,F,ChEMBL
CHEMBL291040,COc1ccc2c(O[C@@H]3C[C@H]4C(=O)N[C@]5(C(=O)O)C[C@H]5/C=C\CCCCC[C@H](NC(=O)OC(C)(C)C)C(=O)N4C3)cc(-c3csc(NC(C)=O)n3)nc2c1,8.0,%,F,ChEMBL
CHEMBL303557,CN1C(=O)N(c2ccc(C(=N)N)cc2)CC12CCN(C(=O)NCCC(=O)O)CC2,2.0,%,F,ChEMBL
CHEMBL59568,Cc1c(N2CCC(N)(CF)C2)c(F)cn2c(=O)c(C(=O)O)cc(C3CC3)c12,63.0,%,F,ChEMBL
CHEMBL303144,C[C@H](Nc1cc(-c2c(-c3cccc(C(F)(F)F)c3)nc(C3CCNCC3)n2C)ccn1)c1ccccc1,85.0,%,F,ChEMBL
CHEMBL145939,O=S(=O)(c1ccccc1)C1CCN(CCc2ccc(F)cc2F)CC1,2.0,%,F,ChEMBL
CHEMBL50885,CCCc1cc(Oc2ccc(OC)cc2)ccc1OCCCOc1ccc(C2SC(=O)NC2=O)cc1,39.0,%,F,ChEMBL
CHEMBL2373996,NC(=O)CNC(=O)[C@H](CCCN=C(N)N)NC(=O)[C@@H]1CCCN1C(=O)[C@@H]1CSSCCC(=O)N[C@H](Cc2ccc(O)cc2)C(=O)N[C@@H](Cc2ccccc2)C(=O)N[C@@H](CO)C(=O)N[C@@H](CC(N)=O)C(=O)N1,0.5,%,F,ChEMBL
CHEMBL148058,NC(=O)c1ccc(S(=O)(=O)C2CCN(CCc3ccc(F)cc3F)CC2)cc1,22.0,%,F,ChEMBL
CHEMBL21052,Cc1cc(C(=O)Nc2ccc(C3=NCCN3C)cc2F)n(-c2cc3ccccc3cc2F)n1,43.9,%,F,ChEMBL
CHEMBL349003,CCCN1CC[C@H]2c3c(cccc3C(N)=O)CC[C@H]21,46.0,%,F,ChEMBL
CHEMBL43455,COc1cccc(-c2cc(C#N)ccc2COC(c2ccc(C#N)cc2)c2cncn2C)c1,35.0,%,F,ChEMBL
CHEMBL99630,C/C(=C1\CC(=O)N(c2ccc(C(C)(C)C)cc2)C1=O)c1cccc(C(=N)N)c1,1.7,%,F,ChEMBL
CHEMBL157782,Cn1cncc1C(OCc1ccc(C#N)cc1-c1ccc(OC(F)(F)F)cc1)c1ccc(C#N)cc1,66.0,%,F,ChEMBL
CHEMBL295844,COc1ccc2c(O[C@@H]3C[C@H]4C(=O)N[C@]5(C(=O)O)C[C@H]5/C=C\CCCCC[C@H](NC(=O)OC(C)(C)C)C(=O)N4C3)cc(-c3ccccc3)nc2c1,2.0,%,F,ChEMBL
CHEMBL64709,CCOC(=O)CCNC(=O)N1CCC2(CC1)C(=O)N(c1ccc(C(=N)NO)cc1)C(=O)N2C,4.8,%,F,ChEMBL
CHEMBL16727,Cc1c(N2CC[C@H](N)C2)c(F)cn2c(=O)c(C(=O)O)cc(C3CC3)c12,32.0,%,F,ChEMBL
CHEMBL351548,Cn1cncc1C(OCc1ccc(Cl)cc1-c1ccccc1Cl)c1ccc(C#N)cc1,65.0,%,F,ChEMBL
CHEMBL160619,Cn1cncc1C(OCc1ccc(C#N)cc1-c1cccc(Cl)c1)c1ccc(C#N)c(F)c1,71.0,%,F,ChEMBL
CHEMBL99607,Cc1c(O)cccc1C(=O)N[C@@H](Cc1ccccc1)[C@H](O)CN1C[C@H]2CCCC[C@H]2C[C@H]1C(=O)NC(C)(C)C,44.0,%,F,ChEMBL
CHEMBL8,O=C(O)c1cn(C2CC2)c2cc(N3CCNCC3)c(F)cc2c1=O,16.0,%,F,ChEMBL
CHEMBL319565,C/C(=C(\F)C(=O)Nc1ccc(-c2ccccc2S(N)(=O)=O)cc1Cl)c1cccc(C(=N)NO)c1,16.0,%,F,ChEMBL
CHEMBL44698,COCC(COC)Nc1nc(C)nc2c(-c3ccc(Cl)cc3Cl)c(C)nn12,36.7,%,F,ChEMBL
CHEMBL44698,COCC(COC)Nc1nc(C)nc2c(-c3ccc(Cl)cc3Cl)c(C)nn12,49.7,%,F,ChEMBL
CHEMBL62802,CCOC(=O)CCNC(=O)N1CCC2(CC1)CCN(c1ccc(C(=N)NO)cc1)C2=O,22.3,%,F,ChEMBL
CHEMBL62802,CCOC(=O)CCNC(=O)N1CCC2(CC1)CCN(c1ccc(C(=N)NO)cc1)C2=O,72.9,%,F,ChEMBL
CHEMBL62802,CCOC(=O)CCNC(=O)N1CCC2(CC1)CCN(c1ccc(C(=N)NO)cc1)C2=O,32.4,%,F,ChEMBL
CHEMBL336730,Nc1cccc(CN2C(=O)N(Cc3cccc(C(=O)Nc4nc5ccccc5[nH]4)c3)[C@H](Cc3ccccc3)[C@H](O)[C@@H](O)[C@H]2Cc2ccccc2)c1,109.0,%,F,ChEMBL
CHEMBL300629,CCCc1cc(Oc2ccccc2)ccc1OCCCOc1ccc(C2SC(=O)NC2=O)cc1,89.0,%,F,ChEMBL
CHEMBL305178,C[C@H](Nc1nccc(-c2c(-c3cccc(C(F)(F)F)c3)nc(C3CCNCC3)n2C)n1)c1ccccc1,64.0,%,F,ChEMBL
CHEMBL20918,Cc1cc(C(=O)Nc2ccc(C(=N)N(C)C)cc2F)n(-c2ccc3cc(Cl)ccc3c2)n1,13.8,%,F,ChEMBL
CHEMBL318187,C/C(=C1\CC(=O)N(c2ccc(-c3ccccc3S(N)(=O)=O)cc2)C1=O)c1cccc(C(=N)NO)c1,1.1,%,F,ChEMBL
CHEMBL279486,CN(C)C(=N)c1ccc(NC(=O)c2cc(C(F)(F)F)nn2-c2cc3ccccc3cc2F)c(F)c1,46.9,%,F,ChEMBL
CHEMBL338594,CS(=O)(=O)Nc1ccccc1N1CCN(C(=O)[C@@H](Cc2ccc(Cl)cc2)NC(=O)[C@H]2Cc3ccccc3CN2)CC1,30.0,%,F,ChEMBL
CHEMBL65477,N=C(N)c1ccc(N2CCC3(CCN(C(=O)NCCC(=O)O)CC3)C2=O)cc1,3.4,%,F,ChEMBL
CHEMBL65344,CN1C(=O)N(c2ccc(C(=N)N)cc2)C(=O)C12CCN(C(=O)NCCC(=O)O)CC2,2.42,%,F,ChEMBL
CHEMBL63094,CCOC(=O)COCC(=O)N1CCC2(CC1)CCN(c1ccc(C(=N)NO)cc1)C2=O,35.9,%,F,ChEMBL
CHEMBL63094,CCOC(=O)COCC(=O)N1CCC2(CC1)CCN(c1ccc(C(=N)NO)cc1)C2=O,23.3,%,F,ChEMBL
CHEMBL63094,CCOC(=O)COCC(=O)N1CCC2(CC1)CCN(c1ccc(C(=N)NO)cc1)C2=O,30.6,%,F,ChEMBL
CHEMBL21140,Cc1cc(C(=O)Nc2ccc(C(=N)N(C)C)cc2F)n(-c2cc3ccccc3cc2F)n1,24.3,%,F,ChEMBL
CHEMBL2303837,NC(=O)CNC(=O)[C@H](CCCN=C(N)N)NC(=O)[C@@H]1CCCN1C(=O)[C@@H]1CSSCCC(=O)N[C@@H](Cc2ccc(O)cc2)C(=O)N[C@@H](Cc2ccccc2)C(=O)N[C@@H](CO[C@@H]2O[C@@H](CO)[C@H](O)[C@H](O)[C@@H]2O)C(=O)N[C@@H](CC(N)=O)C(=O)N1,1.6,%,F,ChEMBL
CHEMBL160562,COc1ccc(-c2cc(C#N)ccc2COC(c2ccc(C#N)cc2)c2cncn2C)cc1,54.0,%,F,ChEMBL
CHEMBL346290,Cc1ncc(C(OCc2ccc(C#N)cc2-c2ccc3c(c2)OCO3)c2ccc(C#N)cc2)n1C,15.2,%,F,ChEMBL
CHEMBL277447,Cc1noc(NS(=O)(=O)c2ccccc2-c2ccc(-c3ncco3)cc2CNC(=O)CC(C)(C)C)c1C,100.0,%,F,ChEMBL
CHEMBL305142,CCCCOC(=O)N[C@@H](CCC(=O)N1CCC2(CC1)CCN(c1ccc(C(=N)NO)cc1)C2=O)C(=O)OCC,6.4,%,F,ChEMBL
CHEMBL223824,Nc1cccc(CN2C(=O)N(Cc3cccc(N)c3)[C@H](Cc3ccccc3)[C@H](O)[C@@H](O)[C@H]2Cc2ccccc2)c1,79.2,%,F,ChEMBL
CHEMBL435247,CCOc1cccc(-c2cc(C#N)ccc2COC(c2ccc(C#N)cc2)c2cncn2C)c1,23.2,%,F,ChEMBL
CHEMBL293704,CCOC(=O)CCNC(=O)N1CCC2(CC1)CN(c1ccc(C(=N)NO)cc1)C(=O)N2C,2.6,%,F,ChEMBL
CHEMBL133107,Cc1cccc(C[C@H](Nc2ccccc2)C(=O)N[C@H](C#N)COCc2ccc(F)c(C(=O)O)c2)c1,128.0,%,F,ChEMBL
CHEMBL52633,CCCc1cc(Oc2ccc(S(C)(=O)=O)cc2)ccc1OCCCOc1ccc(C2SC(=O)NC2=O)cc1,84.0,%,F,ChEMBL
CHEMBL292420,Cc1c(N2C[C@@H](N)[C@@H](F)C2)c(F)cn2c(=O)c(C(=O)O)cc(C3CC3)c12,34.0,%,F,ChEMBL
CHEMBL56,CCCN(CCC)C1CCc2cccc(O)c2C1,2.4,%,F,ChEMBL
CHEMBL352237,Cn1cncc1C(OCc1ccc(C#N)cc1C(=O)Nc1ccccc1)c1ccc(C#N)cc1,96.0,%,F,ChEMBL
CHEMBL64833,CCOC(=O)CCCC(=O)N1CCC2(CC1)CCN(c1ccc(C(=N)NO)cc1)C2=O,36.3,%,F,ChEMBL
CHEMBL64833,CCOC(=O)CCCC(=O)N1CCC2(CC1)CCN(c1ccc(C(=N)NO)cc1)C2=O,39.0,%,F,ChEMBL
CHEMBL64833,CCOC(=O)CCCC(=O)N1CCC2(CC1)CCN(c1ccc(C(=N)NO)cc1)C2=O,18.77,%,F,ChEMBL
CHEMBL161145,Cn1cc(C(=O)O)c(=O)c2cc(F)c(N3CCN(c4ccccn4)CC3)c(C(F)(F)F)c21,93.5,%,BA,ChEMBL
CHEMBL300026,CCCc1cc(Oc2ccc(F)cc2)ccc1OCCCOc1ccc(C2SC(=O)NC2=O)cc1,63.0,%,F,ChEMBL
CHEMBL322375,C/C(=C(\F)C(=O)Nc1ccc(-c2ccccc2S(N)(=O)=O)cc1)c1cccc(C(=N)NO)c1,2.5,%,F,ChEMBL
CHEMBL58941,Cc1c(N2CCC(F)C2)c(F)cn2c(=O)c(C(=O)O)cc(C3CC3)c12,13.0,%,F,ChEMBL
CHEMBL1429,N=C(N)NCCC[C@@H](NC(=O)[C@@H]1CCCN1C(=O)[C@@H]1CSSCCC(=O)N[C@@H](Cc2ccc(O)cc2)C(=O)N[C@@H](Cc2ccccc2)C(=O)N[C@@H](CCC(N)=O)C(=O)N[C@@H](CC(N)=O)C(=O)N1)C(=O)NCC(N)=O,0.1,%,F,ChEMBL
CHEMBL146620,O=C(CN1CCC(S(=O)(=O)c2ccccc2)CC1)c1ccc(F)cc1,30.0,%,F,ChEMBL
CHEMBL149326,CCc1c(C#N)cc2ccccc2c1C(=O)N(C)C[C@@H](CCN1CCC(c2ccccc2[S@+](C)[O-])CC1)c1ccc(Cl)c(Cl)c1,37.3,%,F,ChEMBL
CHEMBL158139,Cn1cncc1C(OCc1ccc(C#N)cc1-c1ccc2c(c1)OCO2)c1ccc(C#N)cc1,45.4,%,F,ChEMBL
CHEMBL64592,N=C(N)c1ccc(N2CCC3(CCN(C(=O)CCCC(=O)O)CC3)C2=O)cc1,4.0,%,F,ChEMBL
CHEMBL445605,N=C(N)c1ccc(N2CC3(CCN(C(=O)NCCC(=O)O)CC3)CC2=O)cc1,3.4,%,F,ChEMBL
CHEMBL99893,C/C(=C(\F)C(=O)Nc1ccc(-c2ccccc2S(N)(=O)=O)cc1Br)c1cccc(C(=N)NO)c1,52.0,%,F,ChEMBL
CHEMBL146485,NC(=O)c1cccc(S(=O)(=O)C2CCN(CCc3ccc(F)cc3F)CC2)c1,24.0,%,F,ChEMBL
CHEMBL158553,Cn1cncc1C(OCc1ccc(C#N)cc1-c1cccc(Cl)c1)c1ccc(C#N)cc1,76.0,%,F,ChEMBL
CHEMBL156523,Cn1cncc1C(OCc1ccc(C#N)cc1-c1ccc2c(c1)OC(F)(F)O2)c1ccc(C#N)cc1,82.0,%,F,ChEMBL
CHEMBL64208,CCCCOC(=O)N[C@@H](CCC(=O)N1CCC2(CC1)CC(=O)N(c1ccc(C(=N)N)cc1)C2=O)C(=O)O,4.3,%,F,ChEMBL
CHEMBL12506,Nc1ccc([C@H](NS(=O)(=O)c2cnccc2N[C@H](CO)Cc2ccccc2)C(=O)N2CCC(CCF)CC2)cc1,12.0,%,F,ChEMBL
CHEMBL103459,C/C(=C(\F)C(=O)Nc1ccc(-c2ccccc2S(N)(=O)=O)cc1F)c1cccc(C(=N)NO)c1,6.0,%,F,ChEMBL
CHEMBL64719,CCOC(=O)CC(CC(=O)N1CCC2(CC1)CCN(c1ccc(C(=N)NO)cc1)C2=O)c1ccccc1,2.0,%,F,ChEMBL
CHEMBL297884,COc1ccc2c(O[C@@H]3C[C@H]4C(=O)N[C@]5(C(=O)O)C[C@H]5/C=C\CCCCC[C@H](NC(=O)OC5CCCC5)C(=O)N4C3)cc(-c3csc(NC(C)C)n3)nc2c1,42.0,%,F,ChEMBL
CHEMBL121,CN(CCOc1ccc(CC2SC(=O)NC2=O)cc1)c1ccccn1,85.0,%,F,ChEMBL
CHEMBL308939,C[C@H](Nc1nccc(-c2[nH]c(C3CCNCC3)nc2-c2cccc(C(F)(F)F)c2)n1)c1ccccc1,0.0,%,F,ChEMBL
CHEMBL160563,COCc1cccc(-c2cc(C#N)ccc2COC(c2ccc(C#N)cc2)c2cncn2C)c1,13.1,%,F,ChEMBL
CHEMBL65432,CCCCOC(=O)N[C@@H](CCC(=O)N1CCC2(CC1)CCN(c1ccc(C(=N)N)cc1)C2=O)C(=O)O,2.27,%,F,ChEMBL
CHEMBL164307,O=C(O)c1cn(C2CC2)c2c(C(F)(F)F)c(N3CCN(c4ccccn4)CC3)c(F)cc2c1=O,4.3,%,BA,ChEMBL
CHEMBL146233,COc1ccc2c(c1)CCC1(CCN(CCc3ccc(F)cc3F)CC1)O2,1.0,%,F,ChEMBL
CHEMBL290669,CC(C)c1nc2ccc(N(Cc3ccccc3)C(=O)c3ccccc3)cc2c(=O)n1Cc1ccc(-c2ccccc2-c2nn[nH]n2)cc1,20.0,%,F,ChEMBL
CHEMBL125896,CCN(c1ncccc1NC(C)(C)C)C1CCN(C(=O)c2cc3cc(NS(=O)(=O)N4CCN(C)CC4)ccc3[nH]2)CC1,32.0,%,F,ChEMBL
CHEMBL98627,C=CCC1(CC=C)C(=O)OC[C@H]1NCc1ccccc1,115.0,,BA,ChEMBL
CHEMBL68553,CC(C)C[C@@H](C(=O)N[C@H](C(=O)Nc1nccs1)C(C)(C)C)[C@H](C)N(O)C=O,26.0,%,F,ChEMBL
CHEMBL68553,CC(C)C[C@@H](C(=O)N[C@H](C(=O)Nc1nccs1)C(C)(C)C)[C@H](C)N(O)C=O,44.0,%,F,ChEMBL
CHEMBL326531,O[C@]12C=C(c3[nH]ccc4c5ccccc5nc3-4)[C@@H]3CCN(CCCC/C=C\CC1)C[C@@]31C[C@@H]3/C=C\CCCCN3[C@H]12,20.6,%,F,ChEMBL
CHEMBL111612,CCCCN(CCCC)C(=O)CN1C[C@H](c2cc(OC)c3c(c2)OCO3)[C@@H](C(=O)O)[C@@H]1CC(C)(C)CCC,47.7,%,F,ChEMBL
CHEMBL96282,CCCC1(CCC)C(=O)OC[C@H]1NC(=O)OC(C)(C)C,46.0,,BA,ChEMBL
CHEMBL328177,CCCC1(CCC)C(=O)OC[C@H]1NC(=O)Oc1ccccc1,330.0,,BA,ChEMBL
CHEMBL78591,COc1ccccc1-c1ccc([C@@H](CC(=O)O)NC(=O)[C@@H]2CCN2S(=O)(=O)c2cc(Cl)cc(Cl)c2)cc1,21.9,%,F,ChEMBL
CHEMBL78591,COc1ccccc1-c1ccc([C@@H](CC(=O)O)NC(=O)[C@@H]2CCN2S(=O)(=O)c2cc(Cl)cc(Cl)c2)cc1,1.0,%,F,ChEMBL
CHEMBL276853,CCc1nc2ccc(N(CC=C(C)C)C(=O)c3ccccc3)cc2c(=O)n1Cc1ccc(-c2ccccc2-c2nn[nH]n2)cc1,23.0,%,F,ChEMBL
CHEMBL431297,C=C(Cl)CN1C[C@H](OCC23C[C@@H]4[C@H](C)CC[C@H]4C4(C=O)CC2C=C(C(C)C)[C@@]34C(=O)O)OC[C@H]1C(C)C,83.0,%,F,ChEMBL
CHEMBL309383,COc1cc(F)ccc1-c1ccc([C@@H](CC(=O)O)NC(=O)[C@@H]2CCCN2S(=O)(=O)c2cc(Cl)cc(Cl)c2)cc1,8.2,%,F,ChEMBL
CHEMBL94403,O=C1C[C@H](NC(=O)OCc2ccccc2)CO1,47.0,,BA,ChEMBL
CHEMBL2113347,Cl.N#Cc1ccc2c(c1)CN(CC[C@H]1CC[C@H](NC(=O)c3cc4ccccc4[nH]3)CC1)CC2,43.0,%,F,ChEMBL
CHEMBL98122,CCCC1(CCC)C(=O)OC[C@H]1NS(=O)(=O)N(C)C,-1.0,,BA,ChEMBL
CHEMBL309249,COc1cccc(F)c1-c1ccc([C@@H](CC(=O)O)NC(=O)[C@]2(C)CCCN2S(=O)(=O)c2cc(Cl)cc(Cl)c2)cc1,42.0,%,F,ChEMBL
CHEMBL97074,CCCC1(CCC)C(=O)OC[C@H]1NS(=O)(=O)c1ccc2ccccc2c1,4.0,,BA,ChEMBL
CHEMBL83045,O=C(O)C[C@H](NC(=O)CCCCc1ccc2c(n1)NCCC2)c1ccc2c(c1)OCC2,99.0,%,F,ChEMBL
CHEMBL332675,CCN(c1ncccc1NC(C)C)C1CCN(C(=O)c2cc3cc(NS(=O)(=O)N4CCN(C)CC4)ccc3[nH]2)CC1,8.0,%,F,ChEMBL
CHEMBL331912,CCN(c1nc(F)ccc1NC(C)(C)C)C1CCN(C(=O)c2cc3cc(NC(=O)N4CCN(C)CC4)ccc3[nH]2)CC1,42.0,%,F,ChEMBL
CHEMBL96936,CCCC1(CCC)C(=O)OC[C@H]1NC(=O)OCC,426.0,,BA,ChEMBL
CHEMBL121881,CC(C)Nc1ccnnc1N(C)C1CCN(C(=O)c2cc3cc(NS(C)(=O)=O)ccc3[nH]2)CC1,0.0,%,F,ChEMBL
CHEMBL320599,O=C1C[C@H](NCc2ccccc2)CO1,0.0,,BA,ChEMBL
CHEMBL78868,COc1ccccc1-c1ccc([C@@H](CC(=O)O)NC(=O)[C@H]2CCCN2S(=O)(=O)c2cc(Cl)cc(Cl)c2)cc1,21.6,%,F,ChEMBL
CHEMBL338435,CN(c1ncccc1NC(C)(C)C)C1CCN(C(=O)c2cc3cc(NS(C)(=O)=O)ccc3[nH]2)CC1,44.0,%,F,ChEMBL
CHEMBL311984,COc1cccc(OC)c1-c1ccc([C@@H](CC(=O)O)NC(=O)[C@@H]2CCCN2S(=O)(=O)c2cc(Cl)cc(Cl)c2)cc1,7.3,%,F,ChEMBL
CHEMBL31066,C=C(Cl)CN1C[C@H](OCC23C[C@@H]4[C@H](C)CC[C@H]4C4(C=O)CC2C=C(C(C)C)[C@@]34C(=O)O)OC[C@H]1C,100.0,%,F,ChEMBL
CHEMBL82313,COc1ccc([C@@H](CC(=O)O)NC(=O)[C@@H]2CCN2S(=O)(=O)c2cc(Cl)cc(Cl)c2)cc1,43.2,%,F,ChEMBL
CHEMBL82313,COc1ccc([C@@H](CC(=O)O)NC(=O)[C@@H]2CCN2S(=O)(=O)c2cc(Cl)cc(Cl)c2)cc1,27.0,%,F,ChEMBL
CHEMBL82313,COc1ccc([C@@H](CC(=O)O)NC(=O)[C@@H]2CCN2S(=O)(=O)c2cc(Cl)cc(Cl)c2)cc1,8.0,%,F,ChEMBL
CHEMBL110053,CCCCN(CCCC)C(=O)CN1C[C@H](c2ccc3c(c2)OCO3)[C@@H](C(=O)O)[C@@H]1CCN1CCCC1=O,0.3,%,F,ChEMBL
CHEMBL2113352,CS(=O)(=O)c1cccc(/C=C/C(=O)N[C@H]2CC[C@H](CCN3CCc4cc(C#N)ccc4C3)CC2)c1.Cl,45.0,%,F,ChEMBL
CHEMBL338979,CCN(c1ncccc1NC(C)(C)C)C1CCN(C(=O)c2cc3cc(NS(C)(=O)=O)ccc3[nH]2)CC1,14.0,%,F,ChEMBL
CHEMBL338979,CCN(c1ncccc1NC(C)(C)C)C1CCN(C(=O)c2cc3cc(NS(C)(=O)=O)ccc3[nH]2)CC1,42.0,%,F,ChEMBL
CHEMBL338979,CCN(c1ncccc1NC(C)(C)C)C1CCN(C(=O)c2cc3cc(NS(C)(=O)=O)ccc3[nH]2)CC1,124.0,%,F,ChEMBL
CHEMBL338979,CCN(c1ncccc1NC(C)(C)C)C1CCN(C(=O)c2cc3cc(NS(C)(=O)=O)ccc3[nH]2)CC1,240.0,%,F,ChEMBL
CHEMBL330167,C=CCOC(=O)N[C@@H]1COC(=O)C1(CCC)CCC,765.0,,BA,ChEMBL
CHEMBL96378,CCCC1(CCC)C(=O)OC[C@H]1NC(=O)c1ccccc1,420.0,,BA,ChEMBL
CHEMBL30054,O=C(Cn1c(Cl)cnc(NCC(F)(F)c2ccccn2)c1=O)NCc1ncccc1F,66.0,%,F,ChEMBL
CHEMBL30054,O=C(Cn1c(Cl)cnc(NCC(F)(F)c2ccccn2)c1=O)NCc1ncccc1F,23.0,%,F,ChEMBL
CHEMBL30054,O=C(Cn1c(Cl)cnc(NCC(F)(F)c2ccccn2)c1=O)NCc1ncccc1F,5.2,%,F,ChEMBL
CHEMBL30054,O=C(Cn1c(Cl)cnc(NCC(F)(F)c2ccccn2)c1=O)NCc1ncccc1F,66.0,%,F,ChEMBL
CHEMBL109778,CCCCN(CCCC)C(=O)CN1C[C@H](c2ccc3c(c2)OCO3)[C@@H](C(=O)O)[C@@H]1CCc1ccccn1,21.1,%,F,ChEMBL
CHEMBL109926,C/C=C\C(C)(C)C[C@H]1[C@H](C(=O)O)[C@@H](c2cc(OC)c3c(c2)OCO3)CN1CC(=O)N(CCCC)CCCC,27.8,%,F,ChEMBL
CHEMBL310371,COc1cc(F)cc(-c2ccc([C@@H](CC(=O)O)NC(=O)[C@@H]3CCCN3S(=O)(=O)c3cc(Cl)cc(Cl)c3)cc2)c1,19.6,%,F,ChEMBL
CHEMBL119710,CN(CC(C(=O)O)c1ccc2c(c1)OCC2)C(=O)CCC1CCc2cc3c(nc2C1)NCCC3,18.0,%,F,ChEMBL
CHEMBL332794,CCCOc1ccc([C@H]2[C@H](C(=O)O)[C@@H](c3ccc4c(c3)OCO4)CN2CC(=O)Nc2c(CC)cccc2CC)cc1,35.0,%,F,ChEMBL
CHEMBL78902,C[C@@]1(C(=O)N[C@H](CC(=O)O)c2ccc(-c3c(O)cccc3O)cc2)CCCN1S(=O)(=O)c1cc(Cl)cc(Cl)c1,2.6,%,F,ChEMBL
CHEMBL312458,O=C(O)C[C@@H](NC(=O)[C@@H]1CCCN1S(=O)(=O)c1cc(Cl)cc(Cl)c1)c1ccc(-c2ccccc2)cc1,8.9,%,F,ChEMBL
CHEMBL331132,O=C(CCCCc1ccc2c(n1)NCCC2)NCC(C(=O)O)c1ccc2c(c1)OCC2,47.0,%,F,ChEMBL
CHEMBL285432,Cc1nc2ccc(N(Cc3ccccc3)C(=O)c3ccccc3)cc2c(=O)n1Cc1ccc(-c2ccccc2-c2nn[nH]n2)cc1,86.0,%,F,ChEMBL
CHEMBL436392,CC(C)Nc1cccnc1N(C1CC1)C1CCN(C(=O)c2cc3cc(NS(C)(=O)=O)ccc3[nH]2)CC1,1.6,%,F,ChEMBL
CHEMBL326059,Cc1cc2c(cc1CC(=O)c1ccsc1S(=O)(=O)Nc1onc(C)c1Cl)OCO2,60.0,%,F,ChEMBL
CHEMBL97181,CCCC1(CCC)C(=O)OC[C@H]1NS(=O)(=O)c1ccc(OC)cc1,-22.0,,BA,ChEMBL
CHEMBL309939,COc1ccc(F)cc1-c1ccc([C@@H](CC(=O)O)NC(=O)[C@]2(C)CCCN2S(=O)(=O)c2cc(Cl)cc(Cl)c2)cc1,19.4,%,F,ChEMBL
CHEMBL339657,CCc1cccc(CC)c1NC(=O)CN1C[C@H](c2ccc3c(c2)OCO3)[C@@H](C(=O)O)[C@@H]1c1ccc(OC)cc1,49.0,%,F,ChEMBL
CHEMBL59356,C[C@H](C#Cc1ccc(Cc2ccc(F)cc2)s1)N(O)C(N)=O,60.0,%,F,ChEMBL
CHEMBL59356,C[C@H](C#Cc1ccc(Cc2ccc(F)cc2)s1)N(O)C(N)=O,100.0,%,F,ChEMBL
CHEMBL59356,C[C@H](C#Cc1ccc(Cc2ccc(F)cc2)s1)N(O)C(N)=O,90.0,%,F,ChEMBL
CHEMBL59356,C[C@H](C#Cc1ccc(Cc2ccc(F)cc2)s1)N(O)C(N)=O,95.0,%,F,ChEMBL
CHEMBL59356,C[C@H](C#Cc1ccc(Cc2ccc(F)cc2)s1)N(O)C(N)=O,90.0,%,F,ChEMBL
CHEMBL25438,COc1ccc(C(=O)/C(Cc2cc(OC)c(OC)c(OC)c2)=C(\C(=O)[O-])c2ccc3c(c2)OCO3)cc1.[Na+],41.0,%,F,ChEMBL
CHEMBL328865,CCCC1(CCC)C(=O)OC[C@H]1NS(=O)(=O)c1ccc(C(F)(F)F)cc1,-44.0,,BA,ChEMBL
CHEMBL2114290,CCCC1(CCC)C(=O)OC[C@@H]1NC(=O)OCc1ccccc1,279.0,,BA,ChEMBL
CHEMBL7264,CCNc1cccnc1N1CCN(C(=O)c2cc3cc(OC)ccc3[nH]2)CC1.CS(=O)(=O)O,75.0,%,F,ChEMBL
CHEMBL2110366,Cl.N#Cc1ccc2c(c1)CCN(CC[C@H]1CC[C@H](NC(=O)c3ccnc4ccccc34)CC1)C2,43.0,%,F,ChEMBL
CHEMBL94404,C=CC[C@H]1C(=O)OC[C@H]1NCc1ccccc1,73.0,,BA,ChEMBL
CHEMBL309494,O=C(O)C[C@@H](NC(=O)[C@@H]1CCCN1S(=O)(=O)c1cc(Cl)cc(Cl)c1)c1ccccc1,43.0,%,F,ChEMBL
CHEMBL309494,O=C(O)C[C@@H](NC(=O)[C@@H]1CCCN1S(=O)(=O)c1cc(Cl)cc(Cl)c1)c1ccccc1,7.0,%,F,ChEMBL
CHEMBL81596,COc1cccc(OC)c1-c1ccc([C@@H](CC(=O)O)NC(=O)[C@]2(C)CCCN2S(=O)(=O)c2cc(Cl)cc(Cl)c2)cc1,1.0,%,F,ChEMBL
CHEMBL331684,CCN(c1nc(F)ccc1NC(C)(C)C)C1CCN(C(=O)c2cc3cc(NS(=O)(=O)N4CCN(C)CC4)ccc3[nH]2)CC1,54.0,%,F,ChEMBL
CHEMBL311775,COc1cc(F)cc(-c2ccc([C@@H](CC(=O)O)NC(=O)[C@]3(C)CCCN3S(=O)(=O)c3cc(Cl)cc(Cl)c3)cc2)c1,38.7,%,F,ChEMBL
CHEMBL303352,O=C(O)CCC(CCCS)C(=O)O,71.0,%,F,ChEMBL
CHEMBL431651,CCCOc1ccc2c(c1)[C@@H](c1ccc(OC)cc1OCCO)[C@H](C(=O)O)[C@H]2c1ccc2c(c1)OCO2,66.0,%,F,ChEMBL
CHEMBL35638,CCc1nc2ccc(N(Cc3ccccc3)C(=O)c3ccncc3)cc2c(=O)n1Cc1ccc(-c2ccccc2-c2nn[nH]n2)cc1,12.0,%,F,ChEMBL
CHEMBL124338,CC(C)Nc1cccnc1N(C)C1CCN(C(=O)c2cc3cc(NS(C)(=O)=O)ccc3[nH]2)CC1,4.3,%,F,ChEMBL
CHEMBL127283,CCNc1cccnc1N(CC)C1CCN(C(=O)c2cc3cc(NS(C)(=O)=O)ccc3[nH]2)CC1,2.8,%,F,ChEMBL
CHEMBL125478,CCN(c1ncccc1NC(C)(C)C)C1CCN(C(=O)c2cc3cc(NC(=O)N4CCN(C)CC4)ccc3[nH]2)CC1,35.1,%,F,ChEMBL
CHEMBL435385,CCOc1ccc([C@H]2[C@H](C(=O)O)[C@@H](c3ccc4c(c3)OCO4)CN2CC(=O)Nc2c(CC)cccc2CC)cc1,37.0,%,F,ChEMBL
CHEMBL331625,CCc1cccc(CC)c1NC(=O)CN1C[C@H](c2ccc3c(c2)OCO3)[C@@H](C(=O)O)[C@@H]1c1ccc(OCCOC)cc1,9.0,%,F,ChEMBL
CHEMBL141889,Cc1cnc(NCC(F)(F)c2ccccn2)c(=O)n1CC(=O)NCc1ncccc1F,87.0,%,F,ChEMBL
CHEMBL141889,Cc1cnc(NCC(F)(F)c2ccccn2)c(=O)n1CC(=O)NCc1ncccc1F,55.0,%,F,ChEMBL
CHEMBL141889,Cc1cnc(NCC(F)(F)c2ccccn2)c(=O)n1CC(=O)NCc1ncccc1F,12.0,%,F,ChEMBL
CHEMBL323951,C/C=C\C(C)(C)C[C@H]1[C@H](C(=O)O)[C@@H](c2ccc3c(c2)OCO3)CN1CC(=O)N(CCCC)CCCC,32.2,%,F,ChEMBL
CHEMBL96059,C=CC[C@@H]1C(=O)OC[C@H]1NCc1ccccc1,-1.0,,BA,ChEMBL
CHEMBL82191,COc1cccc(F)c1-c1ccc([C@@H](CC(=O)O)NC(=O)[C@@H]2CCCN2S(=O)(=O)c2cc(Cl)cc(Cl)c2)cc1,12.2,%,F,ChEMBL
CHEMBL115976,O=C(CCC1CCc2cc3c(nc2C1)NCCC3)NCC(C(=O)O)c1ccc2c(c1)OCC2,1.1,%,F,ChEMBL
CHEMBL331911,CCN(c1ncccc1NC(C)C)C1CCN(C(=O)c2cc3cc(NC(=O)N4CCN(C)CC4)ccc3[nH]2)CC1,21.3,%,F,ChEMBL
CHEMBL289472,CCc1nc2ccc(N(Cc3ccccc3)C(=O)c3cccs3)cc2c(=O)n1Cc1ccc(-c2ccccc2-c2nn[nH]n2)cc1,53.0,%,F,ChEMBL
CHEMBL421508,COc1cccc(OC)c1-c1ccc([C@@H](CC(=O)O)NC(=O)[C@@H]2CCN2S(=O)(=O)c2cc(Cl)cc(Cl)c2)cc1,18.0,%,F,ChEMBL
CHEMBL421508,COc1cccc(OC)c1-c1ccc([C@@H](CC(=O)O)NC(=O)[C@@H]2CCN2S(=O)(=O)c2cc(Cl)cc(Cl)c2)cc1,1.0,%,F,ChEMBL
CHEMBL95488,CCCC1(CCC)C(=O)OC[C@H]1NS(=O)(=O)c1cccs1,-16.0,,BA,ChEMBL
CHEMBL78352,COc1ccc(F)cc1-c1ccc([C@@H](CC(=O)O)NC(=O)[C@@H]2CCCN2S(=O)(=O)c2cc(Cl)cc(Cl)c2)cc1,13.9,%,F,ChEMBL
CHEMBL310983,COc1cc(F)ccc1-c1ccc([C@@H](CC(=O)O)NC(=O)[C@]2(C)CCCN2S(=O)(=O)c2cc(Cl)cc(Cl)c2)cc1,55.4,%,F,ChEMBL
CHEMBL116142,O=C(CCCCc1nc2c(cc1C1CC1)CCCN2)NCC(C(=O)O)c1ccc2c(c1)OCC2,40.0,%,F,ChEMBL
CHEMBL163870,Cc1nccn1-c1ccc(COc2cc(F)cc(C3(C(N)=O)CCOCC3)c2)cc1,88.0,%,F,ChEMBL
CHEMBL163870,Cc1nccn1-c1ccc(COc2cc(F)cc(C3(C(N)=O)CCOCC3)c2)cc1,88.0,%,F,ChEMBL
CHEMBL163870,Cc1nccn1-c1ccc(COc2cc(F)cc(C3(C(N)=O)CCOCC3)c2)cc1,102.0,%,F,ChEMBL
CHEMBL163870,Cc1nccn1-c1ccc(COc2cc(F)cc(C3(C(N)=O)CCOCC3)c2)cc1,102.0,%,F,ChEMBL
CHEMBL163870,Cc1nccn1-c1ccc(COc2cc(F)cc(C3(C(N)=O)CCOCC3)c2)cc1,108.0,%,F,ChEMBL
CHEMBL163870,Cc1nccn1-c1ccc(COc2cc(F)cc(C3(C(N)=O)CCOCC3)c2)cc1,108.0,%,F,ChEMBL
CHEMBL329880,CCCC1(CCC)C(=O)OC[C@H]1NS(=O)(=O)c1ccc(Cl)cc1,23.0,,BA,ChEMBL
CHEMBL306265,Clc1ccc(CN2CC=C(c3nc4ccccc4s3)CC2)cc1,17.0,%,F,ChEMBL
CHEMBL306265,Clc1ccc(CN2CC=C(c3nc4ccccc4s3)CC2)cc1,9.0,%,F,ChEMBL
CHEMBL94609,CCCC1(CCC)C(=O)OC[C@H]1NC(=O)OCc1ccccc1,104.0,,BA,ChEMBL
CHEMBL309653,COc1cccc(OC(F)(F)F)c1-c1ccc([C@@H](CC(=O)O)NC(=O)[C@]2(C)CCCN2S(=O)(=O)c2cc(Cl)cc(Cl)c2)cc1,45.1,%,F,ChEMBL
CHEMBL125437,CNC(=O)Nc1ccc2[nH]c(C(=O)N3CCC(N(C)c4ncccc4NC(C)C)CC3)cc2c1,12.3,%,F,ChEMBL
CHEMBL123478,CCN(c1nc(F)ccc1NC(C)(C)C)C1CCN(C(=O)c2cc3cc(NS(C)(=O)=O)ccc3[nH]2)CC1,17.1,%,F,ChEMBL
CHEMBL929,CC(C)Nc1cccnc1N1CCN(C(=O)c2cc3cc(NS(C)(=O)=O)ccc3[nH]2)CC1.CS(=O)(=O)O,64.0,%,F,ChEMBL
CHEMBL929,CC(C)Nc1cccnc1N1CCN(C(=O)c2cc3cc(NS(C)(=O)=O)ccc3[nH]2)CC1.CS(=O)(=O)O,169.0,%,F,ChEMBL
CHEMBL432974,CCCCN(CCCC)C(=O)CN1C[C@H](c2ccc3c(c2)OCO3)[C@@H](C(=O)O)[C@@H]1CC(C)(C)CCC,76.8,%,F,ChEMBL
CHEMBL139878,COc1cc(C2CN=C(c3cccc4[nH]ccc34)O2)cc(OC)c1OC,0.0,%,F,ChEMBL
CHEMBL143736,COc1cc(C2CN=C(c3cc4ccccc4[nH]3)O2)cc(OC)c1OC,40.0,%,F,ChEMBL
CHEMBL161197,C[C@]1(C(=O)N2CCOCC2)CO[C@H](c2nc(-c3ccc(F)cc3)c(-c3ccnc(NC4CC4)n3)[nH]2)OC1,29.0,%,F,ChEMBL
CHEMBL161197,C[C@]1(C(=O)N2CCOCC2)CO[C@H](c2nc(-c3ccc(F)cc3)c(-c3ccnc(NC4CC4)n3)[nH]2)OC1,48.0,%,F,ChEMBL
CHEMBL10454,COc1ccc(-c2ccc(S(=O)(=O)NC(CC#Cc3ccccc3)C(=O)O)cc2)cc1,49.0,%,F,ChEMBL
CHEMBL497877,F[C@@H]1CCNC[C@H]1c1c(-c2ccccc2)[nH]c2ccccc12,18.0,%,F,ChEMBL
CHEMBL497877,F[C@@H]1CCNC[C@H]1c1c(-c2ccccc2)[nH]c2ccccc12,37.0,%,F,ChEMBL
CHEMBL154862,CCCC[C@H](NC(=O)OC(C(C)C)C(C)C)C(=O)C(=O)Nc1cc[nH]n1,41.0,%,F,ChEMBL
CHEMBL349130,COc1cccc(CNc2ccc(N3CCN(c4cccc(C(F)(F)F)c4)CC3)c(C(F)(F)F)c2)c1Oc1ccc([N+](=O)[O-])cc1C(=O)O,43.0,%,F,ChEMBL
CHEMBL140290,Cc1cc(C(=O)Nc2ccc(-c3ccccc3S(N)(=O)=O)cc2)n(-c2ccc3ccnc(N)c3c2)n1,13.0,%,F,ChEMBL
CHEMBL134736,Cc1cc(C(=O)Nc2ccc(-c3ccccc3S(N)(=O)=O)cc2)n(-c2cccc(CN)c2)n1,13.0,%,F,ChEMBL
CHEMBL37251,Cc1cc(C(=O)Nc2ccc(-c3ccccc3S(N)(=O)=O)cc2)n(-c2cccc(C(=N)N)c2)n1,4.0,%,F,ChEMBL
CHEMBL139894,COc1cc(C2CN=C(c3ccc4cc[nH]c4c3)O2)cc(OC)c1OC,10.5,%,F,ChEMBL
CHEMBL140387,COc1cc(C2CN=C(c3cccc4c3ccn4C)O2)cc(OC)c1OC,2.5,%,F,ChEMBL
CHEMBL343877,COc1cc(C2CN=C(c3ccc4c(ccn4CC(F)(F)F)c3)O2)cc(OC)c1OC,19.8,%,F,ChEMBL
CHEMBL343962,COc1cc(C2CN=C(c3ccc4c(ccn4C)c3)O2)cc(OC)c1OC,34.7,%,F,ChEMBL
CHEMBL330482,c1ccc(CCN2C3CCC2CC(N2CCC(c4c(-c5ccccc5)[nH]c5ccccc45)CC2)C3)cc1,18.0,%,F,ChEMBL
CHEMBL337361,COc1cc(C2CN=C(c3ccc4c(ccn4C4CC4)c3)O2)cc(OC)c1OC,55.8,%,F,ChEMBL
CHEMBL121892,Cc1cc(OCCCON=C(N)N)cc(C(=O)N(Cc2ccoc2)CC2CC2)c1,68.0,%,F,ChEMBL
CHEMBL10655,COc1ccc(-c2ccc(S(=O)(=O)NC(CC#Cc3cccc(N4CCOCC4)c3)C(=O)O)cc2)cc1,7.0,%,F,ChEMBL
CHEMBL154584,CCCC[C@H](NC(=O)OC(C(C)C)C(C)C)C(=O)C(=O)Nc1ccccn1,58.0,%,F,ChEMBL
CHEMBL156497,CCCC[C@H](NC(=O)OC(C(C)C)C(C)C)C(=O)C(=O)Nc1nccs1,18.0,%,F,ChEMBL
CHEMBL350560,C[C@]1(C(=O)N2CCOCC2)CO[C@H](c2nc(-c3ccc(F)cc3)c(-c3ccnc(NCCCO)n3)[nH]2)OC1,2.0,%,F,ChEMBL
CHEMBL369225,C#Cc1cccc2c1c(C(=O)c1ccc(Cn3c(C)nc4cnccc43)c(F)c1)cn2C(=O)N(C)C,49.0,%,F,ChEMBL
CHEMBL369225,C#Cc1cccc2c1c(C(=O)c1ccc(Cn3c(C)nc4cnccc43)c(F)c1)cn2C(=O)N(C)C,56.0,%,F,ChEMBL
CHEMBL139526,COc1cc(C2CN=C(c3ccc4[nH]ccc4c3)O2)cc(OC)c1OC,38.1,%,F,ChEMBL
CHEMBL343205,CCc1cc2c(C(=O)Nc3c(Cl)c[n+]([O-])cc3Cl)cnc(OC)c2o1,54.0,%,F,ChEMBL
CHEMBL347592,C[C@]1(C(=O)N2CCOCC2)CO[C@H](c2nc(-c3ccc(F)cc3)c(-c3ccnc(NCc4ccccc4)n3)[nH]2)OC1,24.0,%,F,ChEMBL
CHEMBL367838,CCn1nc(CCc2ccccc2)cc1C1CCN(C[C@H]2CN([C@@H](C(=O)O)C3CCCCC3)C[C@@H]2c2cccc(F)c2)CC1,3.2,%,F,ChEMBL
CHEMBL421081,Cc1cc(OCC2(CON=C(N)N)CC2)cc(C(=O)N(Cc2ccoc2)CC2CC2)c1,77.0,%,F,ChEMBL
CHEMBL294708,C[C@@]1(C(=O)N[C@@H](Cc2ccc(NC(=O)c3c(Cl)ccnc3Cl)cc2)C(=O)O)CCCN1S(=O)(=O)c1cc(Cl)cc(Cl)c1,1.6,%,F,ChEMBL
CHEMBL294708,C[C@@]1(C(=O)N[C@@H](Cc2ccc(NC(=O)c3c(Cl)ccnc3Cl)cc2)C(=O)O)CCCN1S(=O)(=O)c1cc(Cl)cc(Cl)c1,0.4,%,F,ChEMBL
CHEMBL294708,C[C@@]1(C(=O)N[C@@H](Cc2ccc(NC(=O)c3c(Cl)ccnc3Cl)cc2)C(=O)O)CCCN1S(=O)(=O)c1cc(Cl)cc(Cl)c1,4.0,%,F,ChEMBL
CHEMBL323773,CCCc1cc2c(C(F)(F)F)noc2c(CCC)c1OC(C(=O)O)c1ccccc1,11.0,%,F,ChEMBL
CHEMBL29657,O=C(Cn1c(Cl)cnc(NCC(F)(F)c2cccc[n+]2[O-])c1=O)NCc1ncccc1F,83.0,%,F,ChEMBL
CHEMBL10431,COc1ccc(C#Cc2ccc(S(=O)(=O)NC(CC#CCN3CCOCC3)C(=O)O)cc2)cc1,12.0,%,F,ChEMBL
CHEMBL352981,CCn1ncc(CCc2ccccc2)c1C1CCN(C[C@H]2CN([C@@H](C(=O)O)C3CCCCC3)C[C@@H]2c2ccccc2)CC1,2.6,%,F,ChEMBL
CHEMBL30054,O=C(Cn1c(Cl)cnc(NCC(F)(F)c2ccccn2)c1=O)NCc1ncccc1F,66.0,%,F,ChEMBL
CHEMBL121396,CCCN(Cc1ccoc1)C(=O)c1cc(C)cc(OCC2(CON=C(N)N)CC2)c1,73.0,%,F,ChEMBL
CHEMBL29019,O=C(Cn1c(Cl)cnc(NCC(F)(F)c2cccc[n+]2[O-])c1=O)NCc1ncccc1Cl,8.0,%,F,ChEMBL
CHEMBL152633,CCCC[C@H](NC(=O)OC(C(C)C)C(C)C)C(=O)C(=O)Nc1ccnn1C,28.0,%,F,ChEMBL
CHEMBL436602,COc1cc(C2CN=C(c3cccc4cc[nH]c34)O2)cc(OC)c1OC,0.0,%,F,ChEMBL
CHEMBL356285,COc1cc(C2CN=C(c3c[nH]c4ccccc34)O2)cc(OC)c1OC,0.0,%,F,ChEMBL
CHEMBL143827,COCn1ccc2cc(C3=NCC(c4cc(OC)c(OC)c(OC)c4)O3)ccc21,34.3,%,F,ChEMBL
CHEMBL159932,COCCCNc1nccc(-c2[nH]c([C@H]3OC[C@](C)(C(=O)N4CCOCC4)CO3)nc2-c2ccc(F)cc2)n1,15.0,%,F,ChEMBL
CHEMBL504699,Fc1ccc2c([C@@H]3CNCC[C@H]3F)c(-c3ccccc3)[nH]c2c1,80.0,%,F,ChEMBL
CHEMBL504699,Fc1ccc2c([C@@H]3CNCC[C@H]3F)c(-c3ccccc3)[nH]c2c1,33.0,%,F,ChEMBL
CHEMBL142836,CCn1ccc2cc(C3=NCC(c4cc(OC)c(OC)c(OC)c4)O3)ccc21,11.1,%,F,ChEMBL
CHEMBL157974,COc1cccc(Nc2nccc(-c3[nH]c([C@H]4OC[C@](C)(C(=O)N5CCOCC5)CO4)nc3-c3ccc(F)cc3)n2)c1,6.0,%,F,ChEMBL
CHEMBL156496,CCCC[C@H](NC(=O)OC(C(C)C)C(C)C)C(=O)C(=O)Nc1nncs1,15.0,%,F,ChEMBL
CHEMBL317090,CC(=O)OC[n+]1cccc([C@H]2SCc3c(C(=O)c4cn(C(=O)N(C)C)c5cc(-c6ccc(F)cc6)ccc45)ccn32)c1.[Cl-],46.0,%,F,ChEMBL
CHEMBL317090,CC(=O)OC[n+]1cccc([C@H]2SCc3c(C(=O)c4cn(C(=O)N(C)C)c5cc(-c6ccc(F)cc6)ccc45)ccn32)c1.[Cl-],36.0,%,F,ChEMBL
CHEMBL419935,CC(C)[C@@H]1CC[C@@H](C)C[C@H]1OCC(=O)Nc1cc(Oc2ccc(C(=O)O)cc2)ccc1[N+](=O)[O-],23.0,%,F,ChEMBL
CHEMBL139788,COc1ccc(-n2nc(C)cc2C(=O)Nc2ccc(-c3ccccc3S(N)(=O)=O)cc2)cc1,48.0,%,F,ChEMBL
CHEMBL290829,O=C(O)[C@@H]1CN(C(=O)N(c2ccccc2)c2ccccc2)CCN1C(=O)N(c1ccccc1)c1ccccc1,21.0,%,F,ChEMBL
CHEMBL320553,COc1ccc(CCc2c(-c3ccccc3)[nH]c3ccc(CC(=O)O)cc23)cc1,78.0,%,F,ChEMBL
CHEMBL320553,COc1ccc(CCc2c(-c3ccccc3)[nH]c3ccc(CC(=O)O)cc23)cc1,73.0,%,F,ChEMBL
CHEMBL143850,COc1cc([C@H]2CN=C(c3ccc4c(ccn4C)c3)O2)cc(OC)c1OC,15.1,%,F,ChEMBL
CHEMBL143850,COc1cc([C@H]2CN=C(c3ccc4c(ccn4C)c3)O2)cc(OC)c1OC,17.1,%,F,ChEMBL
CHEMBL143850,COc1cc([C@H]2CN=C(c3ccc4c(ccn4C)c3)O2)cc(OC)c1OC,6.5,%,F,ChEMBL
CHEMBL143850,COc1cc([C@H]2CN=C(c3ccc4c(ccn4C)c3)O2)cc(OC)c1OC,18.6,%,F,ChEMBL
CHEMBL161491,COc1ccc(CNc2nccc(-c3[nH]c([C@H]4OC[C@](C)(C(=O)N5CCOCC5)CO4)nc3-c3ccc(F)cc3)n2)cc1,1.0,%,F,ChEMBL
CHEMBL423071,C[C@]1(C(=O)N2CCOCC2)CO[C@H](c2nc(-c3ccc(F)cc3)c(-c3ccnc(Nc4ccccc4)n3)[nH]2)OC1,29.0,%,F,ChEMBL
CHEMBL2113667,c1ccc(CCN2[C@@H]3CC[C@H]2CC(c2c(-c4ccccc4)[nH]c4ccccc24)C3)cc1,18.0,%,F,ChEMBL
CHEMBL366450,CCn1nc(-c2ccccc2)cc1C1CCN(C[C@H]2CN([C@@H](C(=O)O)C3CCCCC3)C[C@@H]2c2ccccc2)CC1,21.0,%,F,ChEMBL
CHEMBL143680,COc1cc([C@@H]2CN=C(c3ccc4c(ccn4C)c3)O2)cc(OC)c1OC,21.0,%,F,ChEMBL
CHEMBL143680,COc1cc([C@@H]2CN=C(c3ccc4c(ccn4C)c3)O2)cc(OC)c1OC,44.0,%,F,ChEMBL
CHEMBL143680,COc1cc([C@@H]2CN=C(c3ccc4c(ccn4C)c3)O2)cc(OC)c1OC,7.0,%,F,ChEMBL
CHEMBL143680,COc1cc([C@@H]2CN=C(c3ccc4c(ccn4C)c3)O2)cc(OC)c1OC,16.2,%,F,ChEMBL
CHEMBL341539,CCCN(Cc1ccoc1)C(=O)c1cc(C)cc(OCCCON=C(N)N)c1,62.0,%,F,ChEMBL
CHEMBL282837,O=C(Cn1c(Cl)cnc(NCC(F)(F)c2cccc[n+]2[O-])c1=O)NCc1ccccc1F,40.0,%,F,ChEMBL
CHEMBL282837,O=C(Cn1c(Cl)cnc(NCC(F)(F)c2cccc[n+]2[O-])c1=O)NCc1ccccc1F,52.0,%,F,ChEMBL
CHEMBL282837,O=C(Cn1c(Cl)cnc(NCC(F)(F)c2cccc[n+]2[O-])c1=O)NCc1ccccc1F,21.0,%,F,ChEMBL
CHEMBL10257,COc1ccc(C#Cc2ccc(S(=O)(=O)NC(CC#Cc3ccccc3)C(=O)O)cc2)cc1,26.0,%,F,ChEMBL
CHEMBL46479,CCN(c1nc(C)cc(C)n1)c1c(Br)cc(OC)cc1OC,26.0,%,F,ChEMBL
CHEMBL46479,CCN(c1nc(C)cc(C)n1)c1c(Br)cc(OC)cc1OC,4.0,%,F,ChEMBL
CHEMBL40584,c1ccc(CCN2CCC(c3c(-c4ccccc4)[nH]c4ccccc34)CC2)cc1,12.0,%,F,ChEMBL
CHEMBL40584,c1ccc(CCN2CCC(c3c(-c4ccccc4)[nH]c4ccccc34)CC2)cc1,4.0,%,F,ChEMBL
CHEMBL8981,COc1ccc(C2(O)OC(=O)C(c3ccc4c(c3)OCO4)=C2Cc2cc(OC)c(OC)c(OC)c2)cc1,67.0,%,F,ChEMBL
CHEMBL8981,COc1ccc(C2(O)OC(=O)C(c3ccc4c(c3)OCO4)=C2Cc2cc(OC)c(OC)c(OC)c2)cc1,20.0,%,F,ChEMBL
CHEMBL435709,O=C(O)[C@@H](C1CCCCC1)N1C[C@H](CN2CCC(c3oncc3Cc3ccccc3)CC2)[C@@H](c2ccccc2)C1,5.9,%,F,ChEMBL
CHEMBL27979,C[C@H]1CC[C@H](C)N1CCCOc1ccc(-c2ccc(C(=O)N3CCOCC3)cc2)cc1,78.0,%,F,ChEMBL
CHEMBL27979,C[C@H]1CC[C@H](C)N1CCCOc1ccc(-c2ccc(C(=O)N3CCOCC3)cc2)cc1,33.0,%,F,ChEMBL
CHEMBL343602,Cc1cc(C(=O)Nc2ccc(-c3ccccc3S(N)(=O)=O)cc2)n(-c2cccc(C(N)=O)c2)n1,46.0,%,F,ChEMBL
CHEMBL424204,CCN(c1nc(C)nc(N2CCOCC2)n1)c1c(Br)cc(OC)cc1OC,47.0,%,F,ChEMBL
CHEMBL424204,CCN(c1nc(C)nc(N2CCOCC2)n1)c1c(Br)cc(OC)cc1OC,19.0,%,F,ChEMBL
CHEMBL424204,CCN(c1nc(C)nc(N2CCOCC2)n1)c1c(Br)cc(OC)cc1OC,3.0,%,F,ChEMBL
CHEMBL424204,CCN(c1nc(C)nc(N2CCOCC2)n1)c1c(Br)cc(OC)cc1OC,20.0,%,F,ChEMBL
CHEMBL143646,COc1cc(C2CN=C(c3cn(C)c4ccccc34)O2)cc(OC)c1OC,2.5,%,F,ChEMBL
CHEMBL330454,O=C1NCCN1CCN1CCC(c2c(-c3ccccc3)[nH]c3ccccc23)CC1,40.0,%,F,ChEMBL
CHEMBL330454,O=C1NCCN1CCN1CCC(c2c(-c3ccccc3)[nH]c3ccccc23)CC1,33.0,%,F,ChEMBL
CHEMBL353331,CCn1nc(Cc2ccccc2)cc1C1CCN(C[C@H]2CN([C@@H](C(=O)O)C3CCCCC3)C[C@@H]2c2ccccc2)CC1,4.1,%,F,ChEMBL
CHEMBL350647,C[C@]1(C(=O)N2CCOCC2)CO[C@H](c2nc(-c3ccc(F)cc3)c(-c3ccnc(NCc4ccccn4)n3)[nH]2)OC1,25.0,%,F,ChEMBL
CHEMBL275080,N#CN1CCC(NS(=O)(=O)c2ccccc2)C1,38.0,%,F,ChEMBL
CHEMBL123226,C=CCN(C(=O)c1cc(C)cc(OCCCON=C(N)N)c1)C1CCCC1,89.0,%,F,ChEMBL
CHEMBL350648,C[C@H](Nc1nccc(-c2[nH]c([C@H]3OC[C@](C)(C(=O)N4CCOCC4)CO3)nc2-c2ccc(F)cc2)n1)c1ccccc1,10.0,%,F,ChEMBL
CHEMBL40584,c1ccc(CCN2CCC(c3c(-c4ccccc4)[nH]c4ccccc34)CC2)cc1,12.0,%,F,ChEMBL
CHEMBL138787,Cc1cc(C(=O)Nc2ccc(-c3ccccc3S(N)(=O)=O)cc2)n(-c2ccc3onc(N)c3c2)n1,26.0,%,F,ChEMBL
CHEMBL132640,O=C(Nc1c(F)cccc1Oc1ccc(C(=O)O)c(C(=O)O)c1)c1cc(Cl)ccn1,4.1,%,F,ChEMBL
CHEMBL140341,COc1cc(C2CN=C(c3ccc4ccn(C)c4c3)O2)cc(OC)c1OC,0.0,%,F,ChEMBL
CHEMBL147499,C[C@@H](c1c[nH]c2ccccc12)[C@H](C(=O)N[C@H](CCCCN)C(=O)OC(C)(C)C)N1CCN(CCCc2ccccc2)C1=O,5.0,%,F,ChEMBL
CHEMBL122417,CCCc1ccccc1OCCCOc1cccc(C2OC(=O)NC2=O)c1,27.0,%,F,ChEMBL
CHEMBL42407,COc1ccccc1CN(C[C@@H](Cc1c[nH]c2ccccc12)NC(=O)CN1CCC(N2CCCCC2)CC1)C(C)=O,9.0,%,F,ChEMBL
CHEMBL27616,CCOP(=O)(COCCOn1cnc2c(N)ncnc21)OCC(=O)OC(C)(C)C,0.0,%,F,ChEMBL
CHEMBL540350,CS(=O)(=O)Nc1ccc(C(=O)C2CCN(CCc3cccnc3)CC2)cc1.Cl.Cl,72.0,%,F,ChEMBL
CHEMBL47070,COc1ccccc1CN(C[C@@H](Cc1c[nH]c2ccccc12)NC(=O)COc1ccc(-n2ccnc2)cc1)C(C)=O,14.0,%,F,ChEMBL
CHEMBL28535,COP(=O)(COCCOn1cnc2c(N)ncnc21)OC,0.0,%,F,ChEMBL
CHEMBL29784,CC(C)OP(=O)(COCCOn1cnc2c(N)ncnc21)OC(C)C,10.0,%,F,ChEMBL
CHEMBL28812,CC(=O)Oc1ccc(COP(=O)(COCCOn2cnc3c(N)ncnc32)OCc2ccc(OC(C)=O)cc2)cc1,8.0,%,F,ChEMBL
CHEMBL273642,Cc1ccccc1C(NC(=O)CN1C[C@H](c2ccc3c(c2)OCO3)[C@@H](C(=O)O)[C@@H]1c1ccc(OCCOC(C)C)cc1)c1ccccc1C.O=C(O)C(F)(F)F,24.0,%,F,ChEMBL
CHEMBL340681,CC1(C)CCCC1CNC(=O)c1ccc(-c2noc(CCC(F)(F)F)n2)cc1,23.0,%,F,ChEMBL
CHEMBL131000,Cn1cncc1C(OCc1c(-c2cccc(F)c2)cc(C#N)c(=O)n1C)c1ccc(C#N)cc1,61.0,%,F,ChEMBL
CHEMBL131000,Cn1cncc1C(OCc1c(-c2cccc(F)c2)cc(C#N)c(=O)n1C)c1ccc(C#N)cc1,42.0,%,F,ChEMBL
CHEMBL29458,CCCCOP(=O)(COCCOn1cnc2c(N)ncnc21)OCCCC,0.0,%,F,ChEMBL
CHEMBL280809,Nc1ncnc2c1ncn2OCCOCP(=O)(Oc1ccc(Br)cc1)Oc1ccc(Br)cc1,6.0,%,F,ChEMBL
CHEMBL55799,CCCCCNC(=O)C(Cc1ccc(N(C(=O)C(=O)O)c2ccccc2C(=O)O)c(CC)c1)NC(C)=O,22.6,%,F,ChEMBL
CHEMBL424448,Cn1cncc1C(OCc1c(-c2cccc(Br)c2)cc(C#N)c(=O)n1C)c1ccc(C#N)cc1,61.0,%,F,ChEMBL
CHEMBL424448,Cn1cncc1C(OCc1c(-c2cccc(Br)c2)cc(C#N)c(=O)n1C)c1ccc(C#N)cc1,3.0,%,F,ChEMBL
CHEMBL416195,CC(=O)Oc1ccc(OP(=O)(COCCOn2cnc3c(N)ncnc32)Oc2ccc(OC(C)=O)cc2)cc1,8.0,%,F,ChEMBL
CHEMBL283495,Cn1nnnc1-c1ccccc1-c1ccc(Cn2cnc3ccc(N(Cc4cccnc4)C(=O)c4ccccc4)cc3c2=O)cc1,83.0,%,F,ChEMBL
CHEMBL283495,Cn1nnnc1-c1ccccc1-c1ccc(Cn2cnc3ccc(N(Cc4cccnc4)C(=O)c4ccccc4)cc3c2=O)cc1,79.0,%,F,ChEMBL
CHEMBL283495,Cn1nnnc1-c1ccccc1-c1ccc(Cn2cnc3ccc(N(Cc4cccnc4)C(=O)c4ccccc4)cc3c2=O)cc1,84.0,%,F,ChEMBL
CHEMBL283495,Cn1nnnc1-c1ccccc1-c1ccc(Cn2cnc3ccc(N(Cc4cccnc4)C(=O)c4ccccc4)cc3c2=O)cc1,56.0,%,F,ChEMBL
CHEMBL283495,Cn1nnnc1-c1ccccc1-c1ccc(Cn2cnc3ccc(N(Cc4cccnc4)C(=O)c4ccccc4)cc3c2=O)cc1,3.0,%,F,ChEMBL
CHEMBL126418,CS(=O)(=O)c1ccc(-c2[nH]c(Br)cc2-c2ccc(F)cc2)cc1,106.0,%,F,ChEMBL
CHEMBL28648,COP(=O)(COCCOn1cnc2c(N)ncnc21)OCC(=O)OC(C)(C)C,0.0,%,F,ChEMBL
CHEMBL139998,CCn1ncc2c3c(NCc4ccc(OC)c(Cl)c4)nnc(-n4cnc(C(=O)NC)c4)c3cnc21,29.0,%,F,ChEMBL
CHEMBL139998,CCn1ncc2c3c(NCc4ccc(OC)c(Cl)c4)nnc(-n4cnc(C(=O)NC)c4)c3cnc21,42.0,%,F,ChEMBL
CHEMBL64934,O=C(O)C(=O)N(c1ccccc1C(=O)O)c1cccc2ccccc12,16.8,%,F,ChEMBL
CHEMBL296013,CC(=O)N(Cc1ccccc1Cl)C[C@@H](Cc1c[nH]c2ccccc12)NC(=O)COc1ccc(-n2ccnc2)cc1,36.0,%,F,ChEMBL
CHEMBL29666,CC(C)OC(=O)C(C)OP(=O)(COCCOn1cnc2c(N)ncnc21)OC(C)C(=O)OC(C)C,24.0,%,F,ChEMBL
CHEMBL2112555,CCc1nc(Cc2ccccc2)sc1C1CCN(C[C@H]2CN([C@@H](C(=O)O)C(C)C)C[C@@H]2c2cccc(F)c2)CC1,19.0,%,F,ChEMBL
CHEMBL109980,CC(C)(N)C(=O)N[C@H](COCc1ccc(F)cc1F)C(=O)N1CCC2=NN(CC(F)(F)F)C(=O)[C@]2(Cc2ccccn2)C1,59.0,%,F,ChEMBL
CHEMBL109980,CC(C)(N)C(=O)N[C@H](COCc1ccc(F)cc1F)C(=O)N1CCC2=NN(CC(F)(F)F)C(=O)[C@]2(Cc2ccccn2)C1,77.0,%,F,ChEMBL
CHEMBL417293,CCCCOP(=O)(COCCOn1cnc2c(N)ncnc21)OCC(=O)OC(C)(C)C,0.0,%,F,ChEMBL
CHEMBL29260,Nc1ncnc2c1ncn2OCCOCP(=O)(OCc1ccccc1)OCc1ccccc1,4.0,%,F,ChEMBL
CHEMBL120570,CCCc1cc(OC2CCCCC2)ccc1OCCCOc1cccc(C2SC(=O)NC2=O)c1,10.0,%,F,ChEMBL
CHEMBL168936,CCC(COC)Oc1nc(C)nc2c1nnn2-c1ccc(C(C)C)cc1Br,6.0,%,F,ChEMBL
CHEMBL147092,C[C@@H](c1c[nH]c2ccccc12)[C@H](C(=O)NC[C@H]1OC[C@H](N)CO1)N1CCN(Cc2ccc(Cl)c(Cl)c2)C1=O,21.0,%,F,ChEMBL
CHEMBL284427,Nc1ncnc2c1ncn2OCCOCP(=O)(OCC(Cl)Cl)OCC(Cl)Cl,6.0,%,F,ChEMBL
CHEMBL123654,COCCOc1ccc([C@H]2[C@H](C(=O)O)[C@@H](c3ccc4c(c3)OCO4)CN2CC(=O)NC(c2ccccc2C)c2ccccc2C)cc1.O=C(O)C(F)(F)F,8.0,%,F,ChEMBL
CHEMBL127071,Cc1ncccc1OC[C@@H]1CCCN1,61.5,%,F,ChEMBL
CHEMBL84692,Cc1ncccc1OC[C@@H]1CCCN1C,5.8,%,F,ChEMBL
CHEMBL27885,CCN(C/C=C/C#CC(C)(C)C)Cc1cccc(OCc2cc(-c3ccsc3)cs2)c1,16.5,%,F,ChEMBL
CHEMBL435631,C[C@@H](c1c[nH]c2ccccc12)[C@H](C(=O)N(C)C[C@H]1OC[C@H](N)CO1)N1CCN(C2CCCN(c3ccccc3)C2)C1=O,15.0,%,F,ChEMBL
CHEMBL128897,Cn1cncc1C(OCc1c(-c2cc(Cl)ccc2Cl)cc(C#N)c(=O)n1C)c1ccc(C#N)cc1,54.0,%,F,ChEMBL
CHEMBL128897,Cn1cncc1C(OCc1c(-c2cc(Cl)ccc2Cl)cc(C#N)c(=O)n1C)c1ccc(C#N)cc1,3.0,%,F,ChEMBL
CHEMBL28917,CCCCCN(C(=O)c1ccccc1)c1ccc2ncn(Cc3ccc(-c4ccccc4-c4nnnn4C)cc3)c(=O)c2c1,78.0,%,F,ChEMBL
CHEMBL28917,CCCCCN(C(=O)c1ccccc1)c1ccc2ncn(Cc3ccc(-c4ccccc4-c4nnnn4C)cc3)c(=O)c2c1,80.0,%,F,ChEMBL
CHEMBL28917,CCCCCN(C(=O)c1ccccc1)c1ccc2ncn(Cc3ccc(-c4ccccc4-c4nnnn4C)cc3)c(=O)c2c1,73.0,%,F,ChEMBL
CHEMBL538557,Cc1nc(N)ccc1CNC(=O)Cn1c(C)ccc(NS(=O)(=O)Cc2ccccc2)c1=O.Cl,44.0,%,F,ChEMBL
CHEMBL538557,Cc1nc(N)ccc1CNC(=O)Cn1c(C)ccc(NS(=O)(=O)Cc2ccccc2)c1=O.Cl,19.0,%,F,ChEMBL
CHEMBL340717,CS(=O)(=O)c1ccc(-c2[nH]c(Cl)cc2-c2ccc(F)cc2)cc1,100.0,%,F,ChEMBL
CHEMBL280568,CC(=O)Oc1ccccc1OP(=O)(COCCOn1cnc2c(N)ncnc21)Oc1ccccc1OC(C)=O,10.0,%,F,ChEMBL
CHEMBL280634,COc1ccc(OP(=O)(COCCOn2cnc3c(N)ncnc32)Oc2ccc(OC)cc2)cc1,10.0,%,F,ChEMBL
CHEMBL128834,COc1cccc(-c2cc(C#N)c(=O)n(C)c2COC(c2ccc(C#N)cc2)c2cncn2C)c1,44.0,%,F,ChEMBL
CHEMBL128834,COc1cccc(-c2cc(C#N)c(=O)n(C)c2COC(c2ccc(C#N)cc2)c2cncn2C)c1,0.0,%,F,ChEMBL
CHEMBL424539,CCCCN(CC)c1nc(C)nc2c1nnn2-c1ccc(C(C)C)cc1Br,26.5,%,F,ChEMBL
CHEMBL424539,CCCCN(CC)c1nc(C)nc2c1nnn2-c1ccc(C(C)C)cc1Br,18.4,%,F,ChEMBL
CHEMBL131081,Cn1cncc1C(OCc1c(-c2cc(Cl)cc(Cl)c2)cc(C#N)c(=O)n1C)c1ccc(C#N)cc1,52.0,%,F,ChEMBL
CHEMBL131081,Cn1cncc1C(OCc1c(-c2cc(Cl)cc(Cl)c2)cc(C#N)c(=O)n1C)c1ccc(C#N)cc1,46.0,%,F,ChEMBL
CHEMBL131609,Cn1cncc1C(OCc1c(-c2cc(F)cc(Cl)c2)cc(C#N)c(=O)n1C)c1ccc(C#N)cc1,40.0,%,F,ChEMBL
CHEMBL29532,CC(C)OP(=O)(COCCOn1cnc2c(N)ncnc21)OCC(=O)OC(C)(C)C,0.0,%,F,ChEMBL
CHEMBL168449,COCCN(Cc1ccccc1)c1nc(C)nc2c1nnn2-c1ccc(C(C)C)cc1Br,15.5,%,F,ChEMBL
CHEMBL168449,COCCN(Cc1ccccc1)c1nc(C)nc2c1nnn2-c1ccc(C(C)C)cc1Br,7.3,%,F,ChEMBL
CHEMBL64148,COc1cccc(-c2c(C)n(Cc3c(F)cccc3F)c(=O)n(CCNCCc3ccccn3)c2=O)c1,1.6,%,F,ChEMBL
CHEMBL274525,Cc1cc([C@@H]2CCCN2C)on1,1.2,%,F,ChEMBL
CHEMBL131108,Cn1cncc1C(OCc1c(-c2cccc(Cl)c2Cl)cc(C#N)c(=O)n1C)c1ccc(C#N)cc1,38.0,%,F,ChEMBL
CHEMBL29699,CC(OP(=O)(COCCOn1cnc2c(N)ncnc21)OC(C)C(=O)OC(C)(C)C)C(=O)OC(C)(C)C,74.0,%,F,ChEMBL
CHEMBL284437,CCOCCOP(=O)(COCCOn1cnc2c(N)ncnc21)OCCOCC,0.0,%,F,ChEMBL
CHEMBL82301,COC[C@@H](c1ccc(C(F)(F)F)cc1)N1CCN(C2(C)CCN(C(=O)c3c(C)ncnc3C)CC2)C[C@@H]1C,100.0,%,F,ChEMBL
CHEMBL82301,COC[C@@H](c1ccc(C(F)(F)F)cc1)N1CCN(C2(C)CCN(C(=O)c3c(C)ncnc3C)CC2)C[C@@H]1C,89.0,%,F,ChEMBL
CHEMBL28877,CC(C)(C)OC(=O)COP(=O)(COCCOn1cnc2c(N)ncnc21)OCC(=O)OC(C)(C)C,30.0,%,F,ChEMBL
CHEMBL282543,Cc1ccccc1OP(=O)(COCCOn1cnc2c(N)ncnc21)Oc1ccccc1C,22.0,%,F,ChEMBL
CHEMBL10504,COCCN(CCOC)c1nc(C)nc2c1nnn2-c1ccc(C(C)C)cc1Br,17.0,%,F,ChEMBL
CHEMBL10504,COCCN(CCOC)c1nc(C)nc2c1nnn2-c1ccc(C(C)C)cc1Br,30.7,%,F,ChEMBL
CHEMBL126692,Cc1ncccc1OC[C@H]1CCCN1,66.0,%,F,ChEMBL
CHEMBL355923,C[C@@H](c1c[nH]c2ccccc12)[C@@H](NC(=O)NCCCc1ccccc1)C(=O)N[C@H](CCCCN)C(=O)OC(C)(C)C,1.0,%,F,ChEMBL
CHEMBL334490,Cn1cncc1C(OCc1c(-c2cc(F)ccc2F)cc(C#N)c(=O)n1C)c1ccc(C#N)cc1,46.0,%,F,ChEMBL
CHEMBL43044,COc1ccccc1CN(C[C@@H](Cc1c[nH]c2ccccc12)NC(=O)COc1ccc(CO)cc1)C(C)=O,17.0,%,F,ChEMBL
CHEMBL419777,CS(=O)(=O)c1ccc(-c2[nH]c(C#N)cc2-c2ccc(F)cc2)cc1,134.0,%,F,ChEMBL
CHEMBL28186,Nc1ncnc2c1ncn2OCCOCP(=O)(Oc1ccccc1)Oc1ccccc1,26.0,%,F,ChEMBL
CHEMBL338349,Cn1cncc1C(OCc1c(-c2cc(F)cc(F)c2)cc(C#N)c(=O)n1C)c1ccc(C#N)cc1,90.0,%,F,ChEMBL
CHEMBL338349,Cn1cncc1C(OCc1c(-c2cc(F)cc(F)c2)cc(C#N)c(=O)n1C)c1ccc(C#N)cc1,25.0,%,F,ChEMBL
CHEMBL128501,CCCn1c(COC(c2ccc(C#N)cc2)c2cncn2C)c(-c2cccc(Cl)c2)cc(C#N)c1=O,60.0,%,F,ChEMBL
CHEMBL29832,CCOP(=O)(COCCOn1cnc2c(N)ncnc21)OCC,8.0,%,F,ChEMBL
CHEMBL536480,Cc1cccc(CCN2CCC(C(=O)c3ccc(NS(C)(=O)=O)cc3)CC2)n1.Cl.Cl,56.0,%,F,ChEMBL
CHEMBL128267,Cn1cncc1C(OCc1c(-c2ccc(F)c(F)c2)cc(C#N)c(=O)n1C)c1ccc(C#N)cc1,83.0,%,F,ChEMBL
CHEMBL131170,Cn1cncc1C(OCc1c(-c2ccc3c(c2)OC(F)(F)O3)cc(C#N)c(=O)n1C)c1ccc(C#N)cc1,63.0,%,F,ChEMBL
CHEMBL131170,Cn1cncc1C(OCc1c(-c2ccc3c(c2)OC(F)(F)O3)cc(C#N)c(=O)n1C)c1ccc(C#N)cc1,34.0,%,F,ChEMBL
CHEMBL543039,Cl.Nc1ncnc2c1ncn2OCCOCP(=O)(Oc1ccccc1)Oc1ccccc1,50.0,%,F,ChEMBL
CHEMBL142425,C[C@H](O)CNc1cc(-c2[nH]c3cccnc3c2-c2ccc(F)cc2)ccn1,85.6,%,F,ChEMBL
CHEMBL534461,CS(=O)(=O)Nc1ccc(C(=O)C2CCN(CCCc3ccncc3)CC2)cc1.Cl.Cl,61.0,%,F,ChEMBL
CHEMBL128309,Cn1cncc1C(OCc1c(-c2cccc(Cl)c2)cc(C#N)c(=O)n1C)c1ccc(C#N)cc1,32.0,%,F,ChEMBL
CHEMBL128309,Cn1cncc1C(OCc1c(-c2cccc(Cl)c2)cc(C#N)c(=O)n1C)c1ccc(C#N)cc1,14.0,%,F,ChEMBL
CHEMBL435523,CCCc1c(OCCCCOc2cccc(CC(=O)O)c2)ccc2c(-c3ccccc3)noc12,76.0,%,F,ChEMBL
CHEMBL537176,CCN(C/C=C/C#CC(C)(C)C)Cc1cccc(OCC(C)(C)OCc2ccsc2)c1.Cl,32.9,%,F,ChEMBL
CHEMBL358537,C[C@@H](O)CNc1cc(-c2[nH]c3cccnc3c2-c2ccc(F)cc2)ccn1,30.5,%,F,ChEMBL
CHEMBL129609,Cc1ncccc1OC[C@H]1CCCN1C,4.9,%,F,ChEMBL
CHEMBL343010,C[C@@H](c1c[nH]c2ccccc12)[C@H](C(=O)N[C@H](CCCCN)C(=O)OC(C)(C)C)N1CCN(Cc2ccc(C(F)(F)F)cc2)C1=O,3.0,%,F,ChEMBL
CHEMBL130185,Cn1cncc1C(OCc1c(-c2ccc3c(c2)OCO3)cc(C#N)c(=O)n1C)c1ccc(C#N)cc1,28.0,%,F,ChEMBL
CHEMBL67740,CCCCCNC(=O)C(Cc1ccc(N(C(=O)C(=O)O)c2ccccc2C(=O)O)c(CCO)c1)NC(C)=O,16.7,%,F,ChEMBL
CHEMBL132337,Cn1cncc1C(OCc1c(-c2ccc(F)c(Cl)c2)cc(C#N)c(=O)n1C)c1ccc(C#N)cc1,91.0,%,F,ChEMBL
CHEMBL132337,Cn1cncc1C(OCc1c(-c2ccc(F)c(Cl)c2)cc(C#N)c(=O)n1C)c1ccc(C#N)cc1,28.0,%,F,ChEMBL
CHEMBL336168,Cn1cncc1C(OCc1c(-c2cccc(OC(F)(F)F)c2)cc(C#N)c(=O)n1C)c1ccc(C#N)cc1,93.0,%,F,ChEMBL
CHEMBL336168,Cn1cncc1C(OCc1c(-c2cccc(OC(F)(F)F)c2)cc(C#N)c(=O)n1C)c1ccc(C#N)cc1,36.0,%,F,ChEMBL
CHEMBL284416,CC(=O)OCc1ccc(OP(=O)(COCCOn2cnc3c(N)ncnc32)Oc2ccc(COC(C)=O)cc2)cc1,0.0,%,F,ChEMBL
CHEMBL148309,C[C@@H](c1c[nH]c2ccccc12)[C@H](C(=O)NC[C@H]1OC[C@H](N)CO1)N1CCN(CCC(c2ccccc2)c2ccccc2)C1=O,64.0,%,F,ChEMBL
CHEMBL94751,O=C(O)COc1cccc2c1CC[C@H](Cn1nc(C(c3ccccc3)c3ccccc3)ccc1=O)C2,56.0,%,F,ChEMBL
CHEMBL129861,Cn1c(Br)cc(-c2ccc(F)cc2)c1-c1ccc(S(C)(=O)=O)cc1,64.0,%,F,ChEMBL
CHEMBL192,CCCc1nn(C)c2c(=O)[nH]c(-c3cc(S(=O)(=O)N4CCN(C)CC4)ccc3OCC)nc12,15.0,%,F,ChEMBL
CHEMBL192,CCCc1nn(C)c2c(=O)[nH]c(-c3cc(S(=O)(=O)N4CCN(C)CC4)ccc3OCC)nc12,54.0,%,F,ChEMBL
CHEMBL285817,CC(C)(C)OC(=O)c1ccc(OP(=O)(COCCOn2cnc3c(N)ncnc32)Oc2ccc(C(=O)OC(C)(C)C)cc2)cc1,0.0,%,F,ChEMBL
CHEMBL25892,CC(C)C(NC(=O)Cn1c(-c2ccccc2)ncc(N)c1=O)C(=O)c1nnc(C(C)(C)C)o1,51.0,%,F,ChEMBL
CHEMBL25892,CC(C)C(NC(=O)Cn1c(-c2ccccc2)ncc(N)c1=O)C(=O)c1nnc(C(C)(C)C)o1,31.0,%,F,ChEMBL
CHEMBL25892,CC(C)C(NC(=O)Cn1c(-c2ccccc2)ncc(N)c1=O)C(=O)c1nnc(C(C)(C)C)o1,18.0,%,F,ChEMBL
CHEMBL147939,C[C@@H](c1c[nH]c2ccccc12)[C@H](C(=O)NC[C@H]1OC[C@H](N)CO1)N1CCN(CCCc2ccccc2)C1=O,19.0,%,F,ChEMBL
CHEMBL119496,CCCc1cc(C(=O)C2CCCCC2)ccc1OCCCOc1cccc(C2SC(=O)NC2=O)c1,7.8,%,F,ChEMBL
CHEMBL29440,CC(C)C(=O)c1ccc(COP(=O)(COCCOn2cnc3c(N)ncnc32)OCc2ccc(C(=O)C(C)C)cc2)cc1,1.0,%,F,ChEMBL
CHEMBL281238,Nc1ncnc2c1ncn2OCCOCP(=O)(OCCBr)OCCBr,8.0,%,F,ChEMBL
CHEMBL169416,CCC(COC)Nc1nc(C)nc2c1nnn2-c1ccc(C(C)C)cc1Br,21.0,%,F,ChEMBL
CHEMBL169416,CCC(COC)Nc1nc(C)nc2c1nnn2-c1ccc(C(C)C)cc1Br,53.1,%,F,ChEMBL
CHEMBL353891,CCC(CCOC)Nc1nc(C)nc2c1ncn2-c1ccc(C(C)C)cc1Br,7.0,%,F,ChEMBL
CHEMBL296468,CC(C)(C)c1cnc(CSc2cnc(NC(=O)C3CCNCC3)s2)o1,100.0,%,F,ChEMBL
CHEMBL296468,CC(C)(C)c1cnc(CSc2cnc(NC(=O)C3CCNCC3)s2)o1,31.0,%,F,ChEMBL
CHEMBL296468,CC(C)(C)c1cnc(CSc2cnc(NC(=O)C3CCNCC3)s2)o1,28.0,%,F,ChEMBL
CHEMBL336569,Cn1cncc1C(OCc1c(-c2cccc(Cl)c2F)cc(C#N)c(=O)n1C)c1ccc(C#N)cc1,59.0,%,F,ChEMBL
CHEMBL336497,CCOc1cccc(-c2cc(C#N)c(=O)n(C)c2COC(c2ccc(C#N)cc2)c2cncn2C)c1,47.0,%,F,ChEMBL
CHEMBL336497,CCOc1cccc(-c2cc(C#N)c(=O)n(C)c2COC(c2ccc(C#N)cc2)c2cncn2C)c1,3.0,%,F,ChEMBL
CHEMBL127898,Cn1cncc1C(OCc1c(-c2ccc(OC(F)(F)F)cc2)cc(C#N)c(=O)n1C)c1ccc(C#N)cc1,52.0,%,F,ChEMBL
CHEMBL127898,Cn1cncc1C(OCc1c(-c2ccc(OC(F)(F)F)cc2)cc(C#N)c(=O)n1C)c1ccc(C#N)cc1,34.0,%,F,ChEMBL
CHEMBL432170,CCC[C@@H](c1ccc(C(F)(F)F)cc1)N1CCN(C2(C)CCN(C(=O)c3c(C)ncnc3C)CC2)C[C@@H]1C,72.0,%,F,ChEMBL
CHEMBL432170,CCC[C@@H](c1ccc(C(F)(F)F)cc1)N1CCN(C2(C)CCN(C(=O)c3c(C)ncnc3C)CC2)C[C@@H]1C,66.0,%,F,ChEMBL
CHEMBL34959,O=C(NCCc1c[nH]c2ccccc12)C1=Cc2ccncc2CC1,22.5,%,BA,ChEMBL
CHEMBL34959,O=C(NCCc1c[nH]c2ccccc12)C1=Cc2ccncc2CC1,60.4,%,BA,ChEMBL
CHEMBL28731,Nc1ncnc2c1ncn2OCCOCP(=O)(OCc1ccc(Br)cc1)OCc1ccc(Br)cc1,2.0,%,F,ChEMBL
CHEMBL2112552,O=C(O)[C@@H](CC1CC1)N1C[C@H](CN2CCC(c3[nH]c(Cc4ccccc4)nc3Cl)CC2)[C@@H](c2cccc(F)c2)C1,1.1,%,F,ChEMBL
CHEMBL43631,Cn1cncc1C(OCc1ccc(C#N)cn1)c1ccc(C#N)c(-c2cccc3ccccc23)c1,50.0,%,F,ChEMBL
CHEMBL43631,Cn1cncc1C(OCc1ccc(C#N)cn1)c1ccc(C#N)c(-c2cccc3ccccc23)c1,50.0,%,F,ChEMBL
CHEMBL28951,CC(C)(CCl)OC(=O)COP(=O)(COCCOn1cnc2c(N)ncnc21)OCC(=O)OC(C)(C)CCl,0.0,%,F,ChEMBL
CHEMBL131612,Cn1cncc1C(OCc1c(-c2ccc(Cl)c(Cl)c2)cc(C#N)c(=O)n1C)c1ccc(C#N)cc1,76.0,%,F,ChEMBL
CHEMBL42191,COc1ccccc1CN(C[C@@H](Cc1c[nH]c2ccccc12)NC(=O)COc1ccc(-c2csnn2)cc1)C(C)=O,47.0,%,F,ChEMBL
CHEMBL418389,Nc1ncnc2c1ncn2OCCOCP(=O)(OCc1ccc(Cl)cc1)OCc1ccc(Cl)cc1,8.0,%,F,ChEMBL
CHEMBL66089,Nc1ncnc2nc(-c3ccc(N4CCOCC4)nc3)cc(-c3cccc(Br)c3)c12,22.6,%,F,ChEMBL
CHEMBL66089,Nc1ncnc2nc(-c3ccc(N4CCOCC4)nc3)cc(-c3cccc(Br)c3)c12,61.7,%,F,ChEMBL
CHEMBL50106,CN(Cc1nc2ccccc2[nH]1)C(=O)c1ccc2c(c1)CN(C)C(=O)[C@H](CC(=O)O)N2,3.0,%,F,ChEMBL
CHEMBL25498,CN[C@@H]1C(O)[C@H](O[C@@H]2C(O)C(O[C@H]3OC(CN)CCC3N)[C@@H](N)C[C@H]2N)OC[C@@H]1O.O=S(=O)(O)O,1.4,%,F,ChEMBL
CHEMBL25498,CN[C@@H]1C(O)[C@H](O[C@@H]2C(O)C(O[C@H]3OC(CN)CCC3N)[C@@H](N)C[C@H]2N)OC[C@@H]1O.O=S(=O)(O)O,4.9,%,F,ChEMBL
CHEMBL25498,CN[C@@H]1C(O)[C@H](O[C@@H]2C(O)C(O[C@H]3OC(CN)CCC3N)[C@@H](N)C[C@H]2N)OC[C@@H]1O.O=S(=O)(O)O,9.2,%,F,ChEMBL
CHEMBL25498,CN[C@@H]1C(O)[C@H](O[C@@H]2C(O)C(O[C@H]3OC(CN)CCC3N)[C@@H](N)C[C@H]2N)OC[C@@H]1O.O=S(=O)(O)O,100.0,%,F,ChEMBL
CHEMBL368295,O=C(Cc1ccncc1)N1CCN(C2c3ccc(Cl)cc3CCc3cc(Br)cnc32)CC1,20.8,%,F,ChEMBL
CHEMBL368405,O=C(Cc1cc[n+]([O-])cc1)N1CCN([C@@H]2c3ccc(Cl)cc3CCc3cccnc32)CC1,53.0,%,F,ChEMBL
CHEMBL305798,O=C(Cc1cc[n+]([O-])cc1)N1CCN([C@H]2c3ccc(Cl)cc3CCc3cc(Br)cnc32)CC1,100.0,%,F,ChEMBL
CHEMBL152106,CCCn1nc(C(C)(C)C)c(C(=O)O)c1Cc1ccc(-c2ccccc2-c2nn[nH]n2)cc1,45.0,%,F,ChEMBL
CHEMBL152106,CCCn1nc(C(C)(C)C)c(C(=O)O)c1Cc1ccc(-c2ccccc2-c2nn[nH]n2)cc1,49.0,%,F,ChEMBL
CHEMBL134908,Cc1cc(COc2ccc(NC(=O)[C@@H]3[C@@H](C(=O)NO)CCCN3C)cc2)c2ccccc2n1,43.0,%,F,ChEMBL
CHEMBL443278,CC[C@]1(C)OC(=O)C(OC(C)C)=C1c1ccc(S(C)(=O)=O)cc1,100.0,%,F,ChEMBL
CHEMBL171463,O=C(Cc1ccc[n+]([O-])c1)N1CCN(C2c3ccc(Cl)cc3CCc3cc(Br)cnc32)CC1,100.0,%,F,ChEMBL
CHEMBL366550,CCCC[C@H]1CN(C2c3ccc(Cl)cc3CCc3cc(Br)cnc32)CCN1C(=O)Cc1cc[n+]([O-])cc1,47.0,%,F,ChEMBL
CHEMBL354747,CC(=O)N1CCC(CC(=O)N2CCN(C3c4ccc(Cl)cc4CCc4cc(Br)cnc43)CC2)CC1,28.8,%,F,ChEMBL
CHEMBL420456,Nc1nc(N)c2nc(CN3CCN(Cc4ccc(-c5ccccc5)cc4)CC3)nnc2n1,97.0,%,F,ChEMBL
CHEMBL22653,COc1cccc(-c2c(C)n(Cc3c(F)cccc3F)c(=O)n(C[C@H](C)NC3CCCC3)c2=O)c1F,2.2,%,F,ChEMBL
CHEMBL352525,CN1CCC(CC(=O)N2CCN(C3c4ccc(Cl)cc4CCc4cc(Br)cnc43)CC2)CC1,45.0,%,F,ChEMBL
CHEMBL352525,CN1CCC(CC(=O)N2CCN(C3c4ccc(Cl)cc4CCc4cc(Br)cnc43)CC2)CC1,100.0,%,F,ChEMBL
CHEMBL53587,c1ccc(-c2nnc3c4c(c(OCc5ccccn5)nn23)C2CCCC4CC2)cc1,33.0,%,F,ChEMBL
CHEMBL144031,NC(=O)N1CCC(CC(=O)N2CCN(C3c4ccc(Cl)cc4CCc4cc(Br)cnc43)CC2)CC1,100.0,%,F,ChEMBL
CHEMBL144031,NC(=O)N1CCC(CC(=O)N2CCN(C3c4ccc(Cl)cc4CCc4cc(Br)cnc43)CC2)CC1,96.6,%,F,ChEMBL
CHEMBL144031,NC(=O)N1CCC(CC(=O)N2CCN(C3c4ccc(Cl)cc4CCc4cc(Br)cnc43)CC2)CC1,35.0,%,F,ChEMBL
CHEMBL24456,O=C(Cc1ccc(OC2CCN(CC3CC3)CC2)cc1OCC(F)(F)F)N1CCC(N2C(=O)OCc3ccccc32)CC1,45.0,%,F,ChEMBL
CHEMBL54191,Cc1c(O)cccc1C(=O)N[C@@H](Cc1ccccc1)[C@H](O)C(=O)N1CSC(C)(C)[C@H]1C(=O)NC(C)(C)C,39.4,%,F,ChEMBL
CHEMBL132883,CCCc1cccnc1N(CC)C1CCN(C(=O)c2cc3cc(NS(C)(=O)=O)ccc3[nH]2)CC1,9.8,%,F,ChEMBL
CHEMBL132883,CCCc1cccnc1N(CC)C1CCN(C(=O)c2cc3cc(NS(C)(=O)=O)ccc3[nH]2)CC1,9.8,%,F,ChEMBL
CHEMBL65664,Nc1ncnc2nc(-c3ccc(N4CCC(=NOC5CCOCC5)CC4)nc3)cc(-c3cccc(Br)c3)c12,46.2,%,F,ChEMBL
CHEMBL124338,CC(C)Nc1cccnc1N(C)C1CCN(C(=O)c2cc3cc(NS(C)(=O)=O)ccc3[nH]2)CC1,4.3,%,F,ChEMBL
CHEMBL124338,CC(C)Nc1cccnc1N(C)C1CCN(C(=O)c2cc3cc(NS(C)(=O)=O)ccc3[nH]2)CC1,4.3,%,F,ChEMBL
CHEMBL87429,O=C(O)C[C@@H]1Cc2ccc(OCCCNc3ccccn3)cc2CN(CC(F)(F)F)C1=O,34.0,%,F,ChEMBL
CHEMBL137365,Cc1cc(COc2ccc(NC(=O)[C@H]3CCN(C(=O)OC4CC4)C[C@@H]3C(=O)NO)cc2)c2ccccc2n1,8.0,%,F,ChEMBL
CHEMBL62524,CN(Cc1cccnc1)c1ccc(-c2cc(-c3cccc(Br)c3)c3c(N)ncnc3n2)cn1,0.0,%,F,ChEMBL
CHEMBL302404,Nc1ncnc2nc(-c3ccc(N4CCCC4)nc3)cc(-c3cccc(Br)c3)c12,4.5,%,F,ChEMBL
CHEMBL352918,O=C(CC1CCNCC1)N1CCN(C2c3ccc(Cl)cc3CCc3cc(Br)cnc32)CC1,65.0,%,F,ChEMBL
CHEMBL62342,CO[C@@H]1CCCN1c1ccc(-c2cc(-c3cccc(Br)c3)c3c(N)ncnc3n2)cn1,0.0,%,F,ChEMBL
CHEMBL81364,COc1ccc2c(Cc3c(Cl)cncc3Cl)nnc(-n3cncn3)c2c1,27.0,%,F,ChEMBL
CHEMBL423906,Cc1cc(COc2ccc(NC(=O)[C@H]3CCN(S(C)(=O)=O)C[C@@H]3C(=O)NO)cc2)c2ccccc2n1,7.0,%,F,ChEMBL
CHEMBL137315,Cc1cc(COc2ccc(NC(=O)[C@H]3CN(C)CC[C@@H]3C(=O)NO)cc2)c2ccccc2n1,9.0,%,F,ChEMBL
CHEMBL593,CC(C)Nc1cccnc1N1CCN(C(=O)c2cc3cc(NS(C)(=O)=O)ccc3[nH]2)CC1,64.0,%,F,ChEMBL
CHEMBL593,CC(C)Nc1cccnc1N1CCN(C(=O)c2cc3cc(NS(C)(=O)=O)ccc3[nH]2)CC1,64.0,%,F,ChEMBL
CHEMBL552615,CS(=O)(=O)Nc1ccc(OCC(O)CNCCOc2ccc(-n3ccnc3)cc2)cc1.Cl,60.0,%,F,ChEMBL
CHEMBL133469,CC(C)Cc1cccnc1N(C)C1CCN(C(=O)c2cc3cc(NS(C)(=O)=O)ccc3[nH]2)CC1,64.0,%,F,ChEMBL
CHEMBL133469,CC(C)Cc1cccnc1N(C)C1CCN(C(=O)c2cc3cc(NS(C)(=O)=O)ccc3[nH]2)CC1,64.0,%,F,ChEMBL
CHEMBL421533,O=C(O)CC1Cc2ccc(OCCCNc3ccccn3)cc2CN(CC(F)(F)F)C1=O,19.0,%,F,ChEMBL
CHEMBL137703,Cc1cc(COc2ccc(NC(=O)[C@H]3CCN(C(=O)C(C)C)C[C@@H]3C(=O)NO)cc2)c2ccccc2n1,9.0,%,F,ChEMBL
CHEMBL341380,Cc1cc(COc2ccc(NC(=O)[C@H]3NCCC[C@@H]3C(=O)NO)cc2)c2ccccc2n1,24.0,%,F,ChEMBL
CHEMBL264997,Cc1nc(CN2CCC(COCc3cc(C(F)(F)F)cc(C(F)(F)F)c3)(c3ccccc3)CC2)cs1,36.0,%,F,ChEMBL
CHEMBL143156,O=C(CN1CCCC1)N1CCC(COCc2cc(C(F)(F)F)cc(C(F)(F)F)c2)(c2ccccc2)CC1,48.0,%,F,ChEMBL
CHEMBL511115,COc1ccc([C@]2(C#N)CC[C@@H](C(=O)O)CC2)cc1OC1CCCC1,35.0,%,F,ChEMBL
CHEMBL51258,CCc1c(O)cccc1C(=O)N[C@@H](Cc1ccccc1)[C@H](O)C(=O)N1CSC[C@H]1C(=O)NC(C)(C)C,36.2,%,F,ChEMBL
CHEMBL62576,Nc1ncnc2nc(-c3ccc(N4CCSCC4)nc3)cc(-c3cccc(Br)c3)c12,0.0,%,F,ChEMBL
CHEMBL432887,Cc1ccccc1CNC(=O)[C@@H]1CSCN1C(=O)[C@@H](O)[C@H](Cc1ccccc1)NC(=O)c1cccc(O)c1C,32.3,%,F,ChEMBL
CHEMBL432911,O=C(Cc1cc[n+]([O-])cc1)N1CCN([C@@H]2c3ccc(Cl)cc3CCc3cc(Br)cnc32)CC1,100.0,%,F,ChEMBL
CHEMBL278818,O=C(Cc1ccc(OCCN2CCOCC2)cc1OCC(F)(F)F)N1CCC(N2C(=O)OCc3ccccc32)CC1,31.0,%,F,ChEMBL
CHEMBL62974,Nc1ncnc2nc(-c3ccc(N4CCC(O)CC4)nc3)cc(-c3cccc(Br)c3)c12,18.6,%,F,ChEMBL
CHEMBL86991,O=C(O)C[C@H]1Cc2ccc(OCCCNc3ccccn3)cc2CN(CC(F)(F)F)C1=O,4.0,%,F,ChEMBL
CHEMBL2368323,CNC(C)C1CC[C@H](N)[C@@H](OC2[C@@H](O)[C@@H](O[C@H]3OC[C@H](O)[C@@H](NC)[C@@H]3O)[C@H](N)C[C@@H]2N)O1.O=S(=O)(O)O,1.4,%,F,ChEMBL
CHEMBL2368323,CNC(C)C1CC[C@H](N)[C@@H](OC2[C@@H](O)[C@@H](O[C@H]3OC[C@H](O)[C@@H](NC)[C@@H]3O)[C@H](N)C[C@@H]2N)O1.O=S(=O)(O)O,4.9,%,F,ChEMBL
CHEMBL2368323,CNC(C)C1CC[C@H](N)[C@@H](OC2[C@@H](O)[C@@H](O[C@H]3OC[C@H](O)[C@@H](NC)[C@@H]3O)[C@H](N)C[C@@H]2N)O1.O=S(=O)(O)O,9.2,%,F,ChEMBL
CHEMBL2368323,CNC(C)C1CC[C@H](N)[C@@H](OC2[C@@H](O)[C@@H](O[C@H]3OC[C@H](O)[C@@H](NC)[C@@H]3O)[C@H](N)C[C@@H]2N)O1.O=S(=O)(O)O,100.0,%,F,ChEMBL
CHEMBL343548,Cc1cc(COc2ccc(NC(=O)[C@H]3CCN(C(=O)c4ccco4)C[C@@H]3C(=O)NO)cc2)c2ccccc2n1,5.0,%,F,ChEMBL
CHEMBL422821,Cc1cc(COc2ccc(NC(=O)[C@H]3CCN(C(=O)OCc4nccs4)C[C@@H]3C(=O)NO)cc2)c2ccccc2n1,3.0,%,F,ChEMBL
CHEMBL300257,CCc1c(O)cccc1C(=O)N[C@@H](Cc1ccccc1)[C@H](O)C(=O)N1CSC(C)(C)[C@H]1C(=O)NC(C)(C)C,37.0,%,F,ChEMBL
CHEMBL137013,Cc1cc(COc2ccc(NC(=O)[C@H]3CCN(C(=O)NC(C)(C)C)C[C@@H]3C(=O)NO)cc2)c2ccccc2n1,5.0,%,F,ChEMBL
CHEMBL317935,C[C@H](NC(=O)/C=C/c1ccccc1)c1cccc(N2CCOCC2)c1,93.0,%,F,ChEMBL
CHEMBL317935,C[C@H](NC(=O)/C=C/c1ccccc1)c1cccc(N2CCOCC2)c1,100.0,%,F,ChEMBL
CHEMBL311310,O=C(Cc1ccncc1)N1CCN(C2c3ccc(Cl)cc3CCc3cccnc32)CC1,13.0,%,F,ChEMBL
CHEMBL334749,O=C(Cc1cccnc1)N1CCN(C2c3ccc(Cl)cc3CCc3cccnc32)CC1,36.0,%,F,ChEMBL
CHEMBL334749,O=C(Cc1cccnc1)N1CCN(C2c3ccc(Cl)cc3CCc3cccnc32)CC1,2.2,%,F,ChEMBL
CHEMBL334749,O=C(Cc1cccnc1)N1CCN(C2c3ccc(Cl)cc3CCc3cccnc32)CC1,1.4,%,F,ChEMBL
CHEMBL279885,CCC(CC)N[C@@H](C)Cn1c(=O)c(-c2cccc(OC)c2F)c(C)n(Cc2c(F)cccc2F)c1=O,8.2,%,F,ChEMBL
CHEMBL288493,O=C(O)C[C@@H]1Cc2ccc(OCCCNc3ccccn3)cc2Cc2ccccc21,100.0,%,F,ChEMBL
CHEMBL280664,COc1cccc(-c2c(C)n(Cc3c(F)cccc3F)c(=O)n(C[C@@H](C)NCc3nccs3)c2=O)c1F,6.0,%,F,ChEMBL
CHEMBL369047,CNC(=O)N1CCC(CC(=O)N2CCN(C3c4ccc(Cl)cc4CCc4cc(Br)cnc43)CC2)CC1,100.0,%,F,ChEMBL
CHEMBL310387,COc1ccc2c(Cc3c(Cl)cncc3Cl)nnc(-c3ccccc3)c2c1,27.0,%,F,ChEMBL
CHEMBL23830,COc1cccc(-c2c(C)n(Cc3c(F)cccc3F)c(=O)n(CCN(C)CCc3ccccn3)c2=O)c1,1.6,%,F,ChEMBL
CHEMBL171484,CC(C)(C(=O)N1CCN(C2c3ccc(Cl)cc3CCc3cc(Br)cnc32)CC1)c1ccc[n+]([O-])c1,47.0,%,F,ChEMBL
CHEMBL24781,COc1cc(OC2CCN(C(C)=O)CC2)ccc1C(=O)N1CCC(N2C(=O)OCc3ccccc32)CC1,39.0,%,F,ChEMBL
CHEMBL117602,Nc1nc(N)c2cc(COC(=O)c3ccc(C(=O)N[C@@H](CCC(=O)O)C(=O)O)cc3)ccc2n1,3.4,%,F,ChEMBL
CHEMBL24526,CC(=O)N1CCC(Oc2ccc(CC(=O)N3CCC(N4C(=O)OCc5ccccc54)CC3)c(OCC(F)(F)F)c2)CC1,19.0,%,F,ChEMBL
CHEMBL24526,CC(=O)N1CCC(Oc2ccc(CC(=O)N3CCC(N4C(=O)OCc5ccccc54)CC3)c(OCC(F)(F)F)c2)CC1,19.0,%,F,ChEMBL
CHEMBL65665,Nc1ncnc2nc(-c3ccc(N4CCC5(CC4)OCCO5)nc3)cc(-c3cccc(Br)c3)c12,44.7,%,F,ChEMBL
CHEMBL65665,Nc1ncnc2nc(-c3ccc(N4CCC5(CC4)OCCO5)nc3)cc(-c3cccc(Br)c3)c12,38.5,%,F,ChEMBL
CHEMBL34259,CN(Cc1cnc2nc(N)nc(N)c2n1)c1ccc(C(=O)N[C@@H](CCC(=O)O)C(=O)O)cc1,5.8,%,F,ChEMBL
CHEMBL172387,CN1CCCC(CC(=O)N2CCN(C3c4ccc(Cl)cc4CCc4cc(Br)cnc43)CC2)C1,100.0,%,F,ChEMBL
CHEMBL86992,CNc1cccc(CCOc2ccc3c(c2)CN(CC(F)(F)F)C(=O)[C@H](CC(=O)O)C3)n1,72.0,%,F,ChEMBL
CHEMBL172580,O=C(Cc1ccc[n+]([O-])c1)N1CCN(C2c3ccc(Cl)cc3CCc3cccnc32)CC1,89.0,%,F,ChEMBL
CHEMBL314022,CN1Cc2cc(OCCCNc3ccccn3)ccc2CC(CC(=O)O)C1=O,9.0,%,F,ChEMBL
CHEMBL779,CN1CC(=O)N2[C@H](c3ccc4c(c3)OCO4)c3[nH]c4ccccc4c3C[C@@H]2C1=O,63.0,%,F,ChEMBL
CHEMBL342870,Cc1cc(COc2ccc(NC(=O)[C@H]3CCN(C(=O)C4CC4)C[C@@H]3C(=O)NO)cc2)c2ccccc2n1,8.0,%,F,ChEMBL
CHEMBL300891,Cc1ccccc1CNC(=O)[C@H]1N(C(=O)[C@@H](O)[C@H](Cc2ccccc2)NC(=O)c2cccc(O)c2C)CSC1(C)C,41.0,%,F,ChEMBL
CHEMBL300891,Cc1ccccc1CNC(=O)[C@H]1N(C(=O)[C@@H](O)[C@H](Cc2ccccc2)NC(=O)c2cccc(O)c2C)CSC1(C)C,32.6,%,F,ChEMBL
CHEMBL300891,Cc1ccccc1CNC(=O)[C@H]1N(C(=O)[C@@H](O)[C@H](Cc2ccccc2)NC(=O)c2cccc(O)c2C)CSC1(C)C,37.1,%,F,ChEMBL
CHEMBL299198,CCc1c(O)cccc1C(=O)N[C@@H](Cc1ccccc1)[C@H](O)C(=O)N1CSC(C)(C)[C@H]1C(=O)NCc1ccccc1C,10.0,%,F,ChEMBL
CHEMBL299514,Cc1c(O)cccc1C(=O)N[C@@H](Cc1ccccc1)[C@H](O)C(=O)N1CSC[C@H]1C(=O)NC(C)(C)C,33.9,%,F,ChEMBL
CHEMBL2368324,CN[C@@H]1[C@H](O)[C@H](O[C@H]2[C@H](N)C[C@H](N)C(O[C@H]3OC(C(C)N)CC[C@@H]3N)[C@H]2O)OC[C@@H]1O.O=S(=O)(O)O,1.4,%,F,ChEMBL
CHEMBL2368324,CN[C@@H]1[C@H](O)[C@H](O[C@H]2[C@H](N)C[C@H](N)C(O[C@H]3OC(C(C)N)CC[C@@H]3N)[C@H]2O)OC[C@@H]1O.O=S(=O)(O)O,4.9,%,F,ChEMBL
CHEMBL2368324,CN[C@@H]1[C@H](O)[C@H](O[C@H]2[C@H](N)C[C@H](N)C(O[C@H]3OC(C(C)N)CC[C@@H]3N)[C@H]2O)OC[C@@H]1O.O=S(=O)(O)O,9.2,%,F,ChEMBL
CHEMBL2368324,CN[C@@H]1[C@H](O)[C@H](O[C@H]2[C@H](N)C[C@H](N)C(O[C@H]3OC(C(C)N)CC[C@@H]3N)[C@H]2O)OC[C@@H]1O.O=S(=O)(O)O,100.0,%,F,ChEMBL
CHEMBL171265,O=C(Cc1cc[n+]([O-])cc1)N1CCN(C2c3ccc(Cl)cc3CCc3cc(Br)cnc32)CC1,84.0,%,F,ChEMBL
CHEMBL171265,O=C(Cc1cc[n+]([O-])cc1)N1CCN(C2c3ccc(Cl)cc3CCc3cc(Br)cnc32)CC1,38.5,%,F,ChEMBL
CHEMBL352930,CN1CCC(CC(=O)N2CCN(C3c4ccc(Cl)cc4CCc4cccnc43)CC2)CC1,32.0,%,F,ChEMBL
CHEMBL355335,O=C(Cc1cc[n+]([O-])cc1)N1CCN([C@H]2c3ccc(Cl)cc3CCc3cccnc32)CC1,72.0,%,F,ChEMBL
CHEMBL306412,CNC(=O)[C@H](NC(=O)[C@@H](CC(=O)NO)CC(C)C)C(C)(C)C,3.0,%,F,ChEMBL
CHEMBL439944,CNC(=O)[C@H](NC(=O)[C@H](CC(C)C)[C@@H](C)C(=O)NO)C(C)(C)C,2.7,%,F,ChEMBL
CHEMBL79463,COC(=O)N[C@H](C(=O)N1CCC[C@H]1C(=O)N[C@H](C(=O)C(F)(F)F)C(C)C)C(C)C,75.0,%,F,ChEMBL
CHEMBL79463,COC(=O)N[C@H](C(=O)N1CCC[C@H]1C(=O)N[C@H](C(=O)C(F)(F)F)C(C)C)C(C)C,84.0,%,F,ChEMBL
CHEMBL79463,COC(=O)N[C@H](C(=O)N1CCC[C@H]1C(=O)N[C@H](C(=O)C(F)(F)F)C(C)C)C(C)C,70.0,%,F,ChEMBL
CHEMBL145085,COc1ccc([C@H](CC(=O)O)N2CCN(CCCc3ccc4c(n3)NCCC4)C2=O)cn1,64.0,%,F,ChEMBL
CHEMBL145085,COc1ccc([C@H](CC(=O)O)N2CCN(CCCc3ccc4c(n3)NCCC4)C2=O)cn1,26.0,%,F,ChEMBL
CHEMBL145085,COc1ccc([C@H](CC(=O)O)N2CCN(CCCc3ccc4c(n3)NCCC4)C2=O)cn1,74.0,%,F,ChEMBL
CHEMBL3301673,CCCCCNC(=O)c1coc([C@H]2[C@@H](Cc3ccccc3CCC(=O)O)[C@@H]3CC[C@H]2O3)n1,20.0,%,F,ChEMBL
CHEMBL413332,CCCCN1C(=O)N(Cc2ccc3[nH]nc(N)c3c2)[C@H](Cc2ccccc2)[C@H](O)[C@@H](O)[C@H]1Cc1ccccc1,57.0,%,F,ChEMBL
CHEMBL128818,CCCCN(CCCC)C(=O)CN1C[C@H](c2ccc3c(c2)CCO3)[C@@H](C(=O)O)[C@@H]1c1ccc(C)c(F)c1,65.6,%,F,ChEMBL
CHEMBL1163,COC(=O)N[C@H](C(=O)N[C@@H](Cc1ccccc1)[C@@H](O)CN(Cc1ccc(-c2ccccn2)cc1)NC(=O)[C@@H](NC(=O)OC)C(C)(C)C)C(C)(C)C,20.0,%,F,ChEMBL
CHEMBL154962,CCCCN1C(=O)N(Cc2ccc3[nH]nc(N)c3c2)[C@H](Cc2ccc(C)cc2)[C@H](O)[C@@H](O)[C@H]1Cc1ccc(C)cc1,23.0,%,F,ChEMBL
CHEMBL324129,O=C[C@H](CC(=O)O)NC(=O)[C@@H]1CCCN2C(=O)CCC(NC(=O)c3ccccc3)C(=O)N12,17.0,%,F,ChEMBL
CHEMBL1513,CCCCC1=NC2(CCCC2)C(=O)N1Cc1ccc(-c2ccccc2-c2nnn[nH]2)cc1,90.0,%,F,ChEMBL
CHEMBL13134,CC(C)[C@H](NC(=O)c1ccc2ccccc2n1)C(=O)N[C@@H](Cc1ccccc1)[C@H](O)CN1CC[C@@H](OCc2ccncc2)C[C@H]1C(=O)NC(C)(C)C,37.0,%,F,ChEMBL
CHEMBL31601,CC(C)(C)S(=O)(=O)C[C@@H](Cc1ccccc1)C(=O)N[C@@H](Cc1c[nH]cn1)C(=O)N[C@@H](CC1CCCCC1)[C@@H](O)[C@@H](O)C1CC1,0.2,%,F,ChEMBL
CHEMBL264305,NS(=O)(=O)N1CCC(CC(=O)N2CCC([C@H]3c4ncc(Br)cc4CCc4cc(Cl)cc(Br)c43)CC2)CC1,22.0,%,F,ChEMBL
CHEMBL1160503,CC(C)OP(=O)(O)C(Cl)(Cl)P(=O)(O)O,3.6,%,F,ChEMBL
CHEMBL1160496,CC(C)OP(=O)(O)C(Cl)(Cl)P(=O)(OC(C)C)OC(C)C,1.9,%,F,ChEMBL
CHEMBL1160489,CCCCCCOP(=O)(O)C(Cl)(Cl)P(=O)(O)OCCCCCC,31.0,%,F,ChEMBL
CHEMBL297129,CCCCNC(=O)[C@@H](C[C@H](O)[C@H](CC1CCCCC1)NC(=O)[C@H](CCCC)O[C@@H](Cc1ccccc1)C(=O)N1CCC(OCOC)CC1)C(C)C,2.5,%,F,ChEMBL
CHEMBL346818,Nc1[nH]nc2ccc(CN3C(=O)N(Cc4ccccc4)[C@H](Cc4ccccc4)[C@H](O)[C@@H](O)[C@H]3Cc3ccccc3)cc12,60.0,%,F,ChEMBL
CHEMBL90050,CN(C)C(=O)C(=O)N1CCC(CC(=O)N2CCC([C@H]3c4ncc(Br)cc4CCc4cc(Cl)cc(Br)c43)CC2)CC1,30.0,%,F,ChEMBL
CHEMBL10921,CCN(CC)CCN(Cc1ccc(-c2ccc(C(F)(F)F)cc2)cc1)C(=O)Cn1cc(Cc2cnn(C)c2)c(=O)nc1SCc1ccc(F)cc1,13.0,%,F,ChEMBL
CHEMBL10921,CCN(CC)CCN(Cc1ccc(-c2ccc(C(F)(F)F)cc2)cc1)C(=O)Cn1cc(Cc2cnn(C)c2)c(=O)nc1SCc1ccc(F)cc1,24.0,%,F,ChEMBL
CHEMBL92499,NC(=O)CN1CCC(CC(=O)N2CCC([C@H]3c4ncc(Br)cc4CCc4cc(Cl)cc(Br)c43)CC2)CC1,60.2,%,F,ChEMBL
CHEMBL443022,O=C(CC1CCN(C(=O)Cn2cncn2)CC1)N1CCC([C@H]2c3ncc(Br)cc3CCc3cc(Cl)cc(Br)c32)CC1,19.5,%,F,ChEMBL
CHEMBL30432,CN(C)c1cc2c(Nc3ccc4c(cnn4Cc4ccccc4)c3)ncnc2cn1,24.0,%,F,ChEMBL
CHEMBL30432,CN(C)c1cc2c(Nc3ccc4c(cnn4Cc4ccccc4)c3)ncnc2cn1,82.0,%,F,ChEMBL
CHEMBL135339,O=C(C(=O)N1CCN(C(=O)c2ccccc2)CC1)c1c[nH]c2cccc(F)c12,9.4,%,F,ChEMBL
CHEMBL135339,O=C(C(=O)N1CCN(C(=O)c2ccccc2)CC1)c1c[nH]c2cccc(F)c12,100.0,%,F,ChEMBL
CHEMBL135339,O=C(C(=O)N1CCN(C(=O)c2ccccc2)CC1)c1c[nH]c2cccc(F)c12,100.0,%,F,ChEMBL
CHEMBL117670,COc1cccc(-c2c(C)n(Cc3c(F)cccc3F)c(=O)n(C[C@H](N)CC(C)C)c2=O)c1F,6.0,%,F,ChEMBL
CHEMBL323839,COc1ccc(C[C@H](NC(=O)C(C)(C)N)C(=O)N[C@@H](Cc2c[nH]cn2)C(=O)N[C@@H](CC2CCCCC2)[C@@H](O)[C@@H](O)CC(C)C)cc1,0.5,%,F,ChEMBL
CHEMBL117396,COc1cccc(-c2c(C)n(Cc3c(F)cccc3F)c(=O)n(C[C@@H](N)Cc3ccccc3)c2=O)c1F,11.0,%,F,ChEMBL
CHEMBL1160502,CC(C)OP(=O)(OC(C)C)C(Cl)(Cl)P(=O)(O)O,13.6,%,F,ChEMBL
CHEMBL89304,NC(=O)C(=O)N1CCC(CC(=O)N2CCC([C@H]3c4ncc(Br)cc4CCc4cc(Cl)cc(Br)c43)CC2)CC1,166.0,%,F,ChEMBL
CHEMBL128818,CCCCN(CCCC)C(=O)CN1C[C@H](c2ccc3c(c2)CCO3)[C@@H](C(=O)O)[C@@H]1c1ccc(C)c(F)c1,71.7,%,F,ChEMBL
CHEMBL333564,CNC1CCN(C(=O)C[C@@H](Cc2ccccc2)C(=O)N[C@@H](CSC)C(=O)N[C@@H](CC2CCCCC2)[C@@H](O)C(=O)OC(C)C)CC1,60.0,%,F,ChEMBL
CHEMBL333564,CNC1CCN(C(=O)C[C@@H](Cc2ccccc2)C(=O)N[C@@H](CSC)C(=O)N[C@@H](CC2CCCCC2)[C@@H](O)C(=O)OC(C)C)CC1,59.0,%,F,ChEMBL
CHEMBL430830,N#CCC(=O)N1CCC(CC(=O)N2CCC([C@H]3c4ncc(Br)cc4CCc4cc(Cl)cc(Br)c43)CC2)CC1,8.6,%,F,ChEMBL
CHEMBL23729,COc1cccc(-c2c(C)n(Cc3c(F)cccc3F)c(=O)n(C[C@H](C)NCc3ccccc3)c2=O)c1F,3.0,%,F,ChEMBL
CHEMBL74670,CNC(=O)[C@H](NC(=O)[C@H](CC(C)C)[C@@H](CN1C(=O)c2ccccc2C1=O)C(=O)NO)C(C)(C)C,1.0,%,F,ChEMBL
CHEMBL68684,Cc1cc(-c2nnc3c4ccccc4c(OCc4ccccn4)nn23)no1,41.0,%,F,ChEMBL
CHEMBL163,CC(C)c1nc(CN(C)C(=O)N[C@H](C(=O)N[C@@H](Cc2ccccc2)C[C@H](O)[C@H](Cc2ccccc2)NC(=O)OCc2cncs2)C(C)C)cs1,78.0,%,F,ChEMBL
CHEMBL298734,NC(=O)N1CCC(CC(=O)N2CCC([C@H]3c4ncc(Br)cc4CCc4cc(Cl)cc(Br)c43)CC2)CC1,75.8,%,F,ChEMBL
CHEMBL324912,CN[C@@H](Cc1ccccc1)Cn1c(=O)c(-c2cccc(OC)c2F)c(C)n(Cc2c(F)cccc2F)c1=O,42.0,%,F,ChEMBL
CHEMBL324912,CN[C@@H](Cc1ccccc1)Cn1c(=O)c(-c2cccc(OC)c2F)c(C)n(Cc2c(F)cccc2F)c1=O,22.0,%,F,ChEMBL
CHEMBL314317,O=C(CC1CCN(C(=O)c2ccc[n+]([O-])c2)CC1)N1CCC([C@H]2c3ncc(Br)cc3CCc3cc(Cl)cc(Br)c32)CC1,113.0,%,F,ChEMBL
CHEMBL314317,O=C(CC1CCN(C(=O)c2ccc[n+]([O-])c2)CC1)N1CCC([C@H]2c3ncc(Br)cc3CCc3cc(Cl)cc(Br)c32)CC1,5.81,%,F,ChEMBL
CHEMBL314317,O=C(CC1CCN(C(=O)c2ccc[n+]([O-])c2)CC1)N1CCC([C@H]2c3ncc(Br)cc3CCc3cc(Cl)cc(Br)c32)CC1,9.28,%,F,ChEMBL
CHEMBL440115,O=C(/C=C/c1c(-c2ccccc2)nn2ccccc12)N1CCCC[C@@H]1CCO,8.8,%,F,ChEMBL
CHEMBL305729,CC(C)C[C@@H](C(=O)N1CCCCC1)[C@@H](CN1C(=O)N(C)C(C)(C)C1=O)C(=O)NO,30.0,%,F,ChEMBL
CHEMBL274893,CS(=O)(=O)c1ccc(C2=C(c3ccc(F)cc3)CCC2)cc1,11.0,%,F,ChEMBL
CHEMBL73193,CN1CCN=C1c1cccc(Oc2nc(Oc3cc(C(=N)N)ccc3O)c(F)c(N(C)CC(=O)O)c2F)c1,20.0,%,F,ChEMBL
CHEMBL26285,COC(=O)c1ccc2oc(C(=O)C(Cc3ccccc3)NC(=O)Cn3c(-c4cccc(OC)c4)ncc(N)c3=O)nc2c1,19.3,%,BA,ChEMBL
CHEMBL326504,COc1cccc(-c2c(C)n(Cc3c(F)cccc3F)c(=O)n(C[C@H](N)C3CCCCC3)c2=O)c1F,11.0,%,F,ChEMBL
CHEMBL92154,CS(=O)(=O)c1ccc(C2=C(c3ccc(F)cc3)CC3(CC3)C2)cc1,58.0,%,F,ChEMBL
CHEMBL5483011,CC(C)(C)NC(=O)[C@@H]1CN(Cc2cccnc2)CCN1C[C@@H](O)C[C@@H](Cc1ccccc1)C(=O)N[C@H]1c2ccccc2C[C@H]1O.O,90.0,%,F,ChEMBL
CHEMBL327548,O=C(CC1CCN(C(=O)c2cc[n+]([O-])cc2)CC1)N1CCC([C@H]2c3ncc(Br)cc3CCc3cc(Cl)cc(Br)c32)CC1,115.0,%,F,ChEMBL
CHEMBL327548,O=C(CC1CCN(C(=O)c2cc[n+]([O-])cc2)CC1)N1CCC([C@H]2c3ncc(Br)cc3CCc3cc(Cl)cc(Br)c32)CC1,14.6,%,F,ChEMBL
CHEMBL292917,O=C(O)CCCn1nc(-c2c(-c3ccccc3)nn3ccccc23)ccc1=O,78.0,%,F,ChEMBL
CHEMBL343231,COc1ccc([C@H](CC(=O)O)N2CCN(CCCc3ccc4c(n3)NCCC4)C2=O)cc1F,94.0,%,F,ChEMBL
CHEMBL73763,CNC(=O)[C@H](NC(=O)[C@H](CC(C)C)[C@@H](CN1C(=O)N(C)C(C)(C)C1=O)C(=O)NO)C(C)(C)C,1.5,%,F,ChEMBL
CHEMBL8,O=C(O)c1cn(C2CC2)c2cc(N3CCNCC3)c(F)cc2c1=O,44.5,%,F,ChEMBL
CHEMBL8,O=C(O)c1cn(C2CC2)c2cc(N3CCNCC3)c(F)cc2c1=O,71.0,%,F,ChEMBL
CHEMBL423680,CS(=O)(=O)N1CCC(CC(=O)N2CCC([C@H]3c4ncc(Br)cc4CCc4cc(Cl)cc(Br)c43)CC2)CC1,10.0,%,F,ChEMBL
CHEMBL1160493,CC(C)OP(=O)(O)C(Cl)(Cl)P(=O)(O)OC(C)C,1.9,%,F,ChEMBL
CHEMBL312238,CC(C)(C)NC(=O)[C@@H]1CN(C(C)(C)c2cc3cnccc3o2)CCN1C[C@@H](O)C[C@@H](Cc1ccccc1)C(=O)N[C@H]1c2ccccc2OC[C@H]1O,81.0,%,F,ChEMBL
CHEMBL289395,NC1CCC(CNC(=O)[C@@H]2CCCN2C(=O)[C@H](N)C(C2CCCCC2)C2CCCCC2)CC1,90.0,%,F,ChEMBL
CHEMBL1160483,CCOP(=O)(O)C(Cl)(Cl)P(=O)(O)O,37.9,%,F,ChEMBL
CHEMBL1160494,CCOP(=O)(O)C(Cl)(Cl)P(=O)(OCC)OCC,7.0,%,F,ChEMBL
CHEMBL263725,CCCCNC(=O)[C@@H](C[C@H](O)[C@H](CC1CCCCC1)NC(=O)[C@H](CCCC)N[C@@H](Cc1ccccc1)C(=O)N1CCC(OCOC)CC1)C(C)C,7.1,%,F,ChEMBL
CHEMBL111612,CCCCN(CCCC)C(=O)CN1C[C@H](c2cc(OC)c3c(c2)OCO3)[C@@H](C(=O)O)[C@@H]1CC(C)(C)CCC,47.7,%,F,ChEMBL
CHEMBL114,CC(C)(C)NC(=O)[C@@H]1C[C@@H]2CCCC[C@@H]2CN1C[C@@H](O)[C@H](Cc1ccccc1)NC(=O)[C@H](CC(N)=O)NC(=O)c1ccc2ccccc2n1,4.0,%,F,ChEMBL
CHEMBL191,CCCCc1nc(Cl)c(CO)n1Cc1ccc(-c2ccccc2-c2nnn[nH]2)cc1,33.0,%,F,ChEMBL
CHEMBL88432,NCC(=O)N1CCC(CC(=O)N2CCC([C@H]3c4ncc(Br)cc4CCc4cc(Cl)cc(Br)c43)CC2)CC1,4.7,%,F,ChEMBL
CHEMBL103857,CCCN(CCC)C1CCc2ccsc2C1,10.0,%,F,ChEMBL
CHEMBL154722,Cc1ccc(C[C@@H]2[C@H](O)[C@@H](O)[C@@H](Cc3ccc(C)cc3)N(Cc3ccc4[nH]nc(N)c4c3)C(=O)N2Cc2ccccc2)cc1,29.0,%,F,ChEMBL
CHEMBL364255,N[C@H]1CC[C@H](CNC(=O)[C@@H]2CCCN2C(=O)C2(O)c3ccccc3-c3ccccc32)CC1,74.0,%,F,ChEMBL
CHEMBL364255,N[C@H]1CC[C@H](CNC(=O)[C@@H]2CCCN2C(=O)C2(O)c3ccccc3-c3ccccc32)CC1,39.0,%,F,ChEMBL
CHEMBL142194,O=C(O)C[C@@H](c1ccc2c(c1)OCC2)N1CCN(CCCc2ccc3c(n2)NCCC3)C1=O,75.0,%,F,ChEMBL
CHEMBL310488,CC(C)OP(=O)(OC(C)C)C(Cl)(Cl)P(=O)(OC(C)C)OC(C)C,32.1,%,F,ChEMBL
CHEMBL430526,CC1=CCN(C(=O)[C@H](Cc2ccc(C(=N)N)cc2)NS(=O)(=O)c2ccc3c(c2)CN(C)CC3)[C@@H](C(=O)O)C1,45.0,%,F,ChEMBL
CHEMBL307192,CN1C(=O)N(C[C@@H](C(=O)NO)[C@@H](CC2CCCC2)C(=O)N2CCCCC2)C(=O)C1(C)C,25.0,%,F,ChEMBL
CHEMBL1160495,CCOP(=O)(O)C(Cl)(Cl)P(=O)(O)OCC,34.0,%,F,ChEMBL
CHEMBL348543,Cc1cccc(C[C@@H]2[C@H](O)[C@@H](O)[C@@H](Cc3cccc(C)c3)N(Cc3ccc4[nH]nc(N)c4c3)C(=O)N2Cc2ccccc2)c1,20.0,%,F,ChEMBL
CHEMBL584,Cc1c(O)cccc1C(=O)N[C@@H](CSc1ccccc1)[C@H](O)CN1C[C@H]2CCCC[C@H]2C[C@H]1C(=O)NC(C)(C)C,52.0,%,F,ChEMBL
CHEMBL584,Cc1c(O)cccc1C(=O)N[C@@H](CSc1ccccc1)[C@H](O)CN1C[C@H]2CCCC[C@H]2C[C@H]1C(=O)NC(C)(C)C,31.0,%,F,ChEMBL
CHEMBL584,Cc1c(O)cccc1C(=O)N[C@@H](CSc1ccccc1)[C@H](O)CN1C[C@H]2CCCC[C@H]2C[C@H]1C(=O)NC(C)(C)C,34.0,%,F,ChEMBL
CHEMBL313635,CN(C)S(=O)(=O)N1CCC(CC(=O)N2CCC([C@H]3c4ncc(Br)cc4CCc4cc(Cl)cc(Br)c43)CC2)CC1,1.7,%,F,ChEMBL
CHEMBL145095,O=C(O)C[C@@H](c1cccnc1)N1CCN(CCCc2ccc3c(n2)NCCC3)C1=O,10.0,%,F,ChEMBL
CHEMBL77605,CCOP(=O)(OCC)C(Cl)(Cl)P(=O)(OCC)OCC,5.0,%,F,ChEMBL
CHEMBL9194,CCCCN(CCCC)C(=O)CN1C[C@H](c2ccc3c(c2)OCO3)[C@@H](C(=O)O)[C@@H]1c1ccc(OC)cc1,60.2,%,F,ChEMBL
CHEMBL337301,COc1ccnc2[nH]cc(C(=O)C(=O)N3CCN(C(=O)c4ccccc4)C[C@H]3C)c12,19.0,%,F,ChEMBL
CHEMBL337301,COc1ccnc2[nH]cc(C(=O)C(=O)N3CCN(C(=O)c4ccccc4)C[C@H]3C)c12,77.0,%,F,ChEMBL
CHEMBL337301,COc1ccnc2[nH]cc(C(=O)C(=O)N3CCN(C(=O)c4ccccc4)C[C@H]3C)c12,24.0,%,F,ChEMBL
CHEMBL1160490,CCCCCCOP(=O)(OCCCCCC)C(Cl)(Cl)P(=O)(O)O,7.6,%,F,ChEMBL
CHEMBL298734,NC(=O)N1CCC(CC(=O)N2CCC([C@H]3c4ncc(Br)cc4CCc4cc(Cl)cc(Br)c43)CC2)CC1,76.0,%,F,ChEMBL
CHEMBL298734,NC(=O)N1CCC(CC(=O)N2CCC([C@H]3c4ncc(Br)cc4CCc4cc(Cl)cc(Br)c43)CC2)CC1,50.0,%,F,ChEMBL
CHEMBL303718,Cc1cccc(COc2nn3c(-c4cc(C)on4)nnc3c3c2C2CCC3CC2)n1,3.0,%,F,ChEMBL
CHEMBL1160491,CCCCCCOP(=O)(O)C(Cl)(Cl)P(=O)(O)O,17.9,%,F,ChEMBL
CHEMBL284947,CNc1cccc(CN2C(=O)N(Cc3cccc(NC)c3)[C@H](Cc3ccc4c(c3)OCCO4)[C@H](O)[C@@H](O)[C@H]2Cc2ccc3c(c2)OCCO3)c1,4.6,%,F,ChEMBL
CHEMBL22310,N[C@H](C(=O)N1CC[C@H](F)C1)[C@H]1CC[C@H](NS(=O)(=O)c2ccc(F)cc2F)CC1,53.0,%,F,ChEMBL
CHEMBL22310,N[C@H](C(=O)N1CC[C@H](F)C1)[C@H]1CC[C@H](NS(=O)(=O)c2ccc(F)cc2F)CC1,75.0,%,F,ChEMBL
CHEMBL12130,CN(C)CCCOc1cc(C(=O)Nc2cnc3ccccc3c2)n(Cc2ccccc2)n1,19.0,%,F,ChEMBL
CHEMBL141645,CC1Cc2c(OCc3ccc(-c4ccccc4)cn3)ccc3c2c(c(CCOc2ccccc2CC(=O)O)n3Cc2cccc(F)c2)S1,44.0,%,F,ChEMBL
CHEMBL173251,Cc1ccccc1C(Oc1cc(OCc2ccncc2)ccc1C#N)C(=O)[O-].[Na+],9.0,%,F,ChEMBL
CHEMBL78671,O=C1N(Cc2ccc3[nH]ncc3c2)[C@H](Cc2ccccc2)[C@H](O)[C@@H](O)[C@@H](Cc2ccccc2)N1Cc1ccc2[nH]ncc2c1,13.0,%,F,ChEMBL
CHEMBL140915,CC1Cc2c(OCc3ccc(-c4ccccc4)cn3)ccc3c2c(c(COc2ccccc2CC(=O)O)n3Cc2cccc(Cl)c2)S1,11.0,%,F,ChEMBL
CHEMBL107033,CCCCc1nc(Cl)c(C(=O)NC)n1Cc1ccc2oc(-c3ccccc3-c3nn[nH]n3)c(Br)c2c1,36.0,%,F,ChEMBL
CHEMBL283430,C[C@]12CCC(=O)C(Cl)=C1NCC1C2CC[C@@]2(C)C1CC[C@@H]2C(=O)N(c1ccc(Cl)cc1)C1CCCC1,74.0,%,F,ChEMBL
CHEMBL437444,CC1Cc2c(OCc3ccc(-c4ccccc4)cn3)ccc3c2c(c(CCOc2ccccc2CC(=O)O)n3Cc2ccc(Cl)cc2)S1,15.0,%,F,ChEMBL
CHEMBL330730,CCC1(N(CCO)C(=O)c2ccccc2CCC(O)Cc2ccc(C)cc2C(=O)N(CC(CO)CO)C(C)(C)c2ccccc2)CCCC1,7.0,%,F,ChEMBL
CHEMBL328337,CCC1(N(CCO)C(=O)c2ccccc2CCC(O)Cc2ccc(C)cc2C(=O)N(CCO)C(C)(C)c2ccc(OCc3cccnc3)cc2)CCCC1,5.0,%,F,ChEMBL
CHEMBL279765,O=c1c2c(oc(O)c1[C@H](c1cccc(NS(=O)(=O)c3ccc(F)cc3)c1)C1CC1)CCCCCC2,58.0,%,F,ChEMBL
CHEMBL3706622,CC(C)(c1ncc(-c2cnccc2Cl)o1)N1CCN(C[C@@H](O)C[C@@H](Cc2ccccc2)C(=O)N[C@H]2c3ccccc3OC[C@H]2O)[C@H](C(=O)NCC(F)(F)F)C1,8.0,%,F,ChEMBL
CHEMBL321059,CCc1nc(C)c(C(=O)O)n1Cc1ccc2oc(-c3ccccc3-c3nn[nH]n3)c(Br)c2c1,8.0,%,F,ChEMBL
CHEMBL170296,N#Cc1ccc(OCc2ccsc2)cc1OC(C(=O)O)c1ccccc1Cl,129.0,%,F,ChEMBL
CHEMBL422314,Clc1ccccc1CCN1CCN(c2[nH]nc3c2CCc2ccccc2-3)CC1,31.0,%,F,ChEMBL
CHEMBL16431,N#Cc1ccc(S(=O)(=O)Nc2cccc([C@@H](c3c(O)oc4c(c3=O)CCCCCC4)C3CC3)c2)cc1,42.0,%,F,ChEMBL
CHEMBL326910,CCCc1nc(C)c(C(=O)NCC)n1Cc1ccc2oc(-c3ccccc3NS(=O)(=O)C(F)(F)F)c(Br)c2c1,90.0,%,F,ChEMBL
CHEMBL352536,N#Cc1ccc(OCc2ccc3c(c2)OCO3)cc1OC(C(=O)O)c1ccccc1Cl,76.0,%,F,ChEMBL
CHEMBL145394,COC(=O)C1=C(C)NC(=O)N(C(=O)NCCCN2CCN(c3ccccc3C(N)=O)CC2)C1c1ccc(F)c(F)c1,13.0,%,F,ChEMBL
CHEMBL145394,COC(=O)C1=C(C)NC(=O)N(C(=O)NCCCN2CCN(c3ccccc3C(N)=O)CC2)C1c1ccc(F)c(F)c1,4.0,%,F,ChEMBL
CHEMBL88486,C[S+]([O-])c1ccc(-c2cc(-c3ccncc3)c(-c3ccc(F)cc3)[nH]2)cc1,25.6,%,F,ChEMBL
CHEMBL3706615,COc1cncc(-c2cnc(C(C)(C)N3CCN(C[C@@H](O)C[C@@H](Cc4ccccc4)C(=O)N[C@H]4c5ccccc5OC[C@H]4O)[C@H](C(=O)NCC(F)(F)F)C3)o2)c1,30.0,%,F,ChEMBL
CHEMBL3706615,COc1cncc(-c2cnc(C(C)(C)N3CCN(C[C@@H](O)C[C@@H](Cc4ccccc4)C(=O)N[C@H]4c5ccccc5OC[C@H]4O)[C@H](C(=O)NCC(F)(F)F)C3)o2)c1,2.2,%,F,ChEMBL
CHEMBL3706615,COc1cncc(-c2cnc(C(C)(C)N3CCN(C[C@@H](O)C[C@@H](Cc4ccccc4)C(=O)N[C@H]4c5ccccc5OC[C@H]4O)[C@H](C(=O)NCC(F)(F)F)C3)o2)c1,92.0,%,F,ChEMBL
CHEMBL3706615,COc1cncc(-c2cnc(C(C)(C)N3CCN(C[C@@H](O)C[C@@H](Cc4ccccc4)C(=O)N[C@H]4c5ccccc5OC[C@H]4O)[C@H](C(=O)NCC(F)(F)F)C3)o2)c1,40.5,%,F,ChEMBL
CHEMBL3706615,COc1cncc(-c2cnc(C(C)(C)N3CCN(C[C@@H](O)C[C@@H](Cc4ccccc4)C(=O)N[C@H]4c5ccccc5OC[C@H]4O)[C@H](C(=O)NCC(F)(F)F)C3)o2)c1,47.2,%,F,ChEMBL
CHEMBL3706615,COc1cncc(-c2cnc(C(C)(C)N3CCN(C[C@@H](O)C[C@@H](Cc4ccccc4)C(=O)N[C@H]4c5ccccc5OC[C@H]4O)[C@H](C(=O)NCC(F)(F)F)C3)o2)c1,1.5,%,F,ChEMBL
CHEMBL12609,COc1ccc(NC(=O)c2cc(OCCCN(C)C)nn2Cc2ccccc2)cc1,12.0,%,F,ChEMBL
CHEMBL328435,CCC1(N(CCO)C(=O)c2ccccc2CCC(O)Cc2ccc(C)cc2C(=O)N(CCO)C(C)(C)c2ccccc2)CCCC1,39.0,%,F,ChEMBL
CHEMBL328435,CCC1(N(CCO)C(=O)c2ccccc2CCC(O)Cc2ccc(C)cc2C(=O)N(CCO)C(C)(C)c2ccccc2)CCCC1,3.0,%,F,ChEMBL
CHEMBL328435,CCC1(N(CCO)C(=O)c2ccccc2CCC(O)Cc2ccc(C)cc2C(=O)N(CCO)C(C)(C)c2ccccc2)CCCC1,33.0,%,F,ChEMBL
CHEMBL328435,CCC1(N(CCO)C(=O)c2ccccc2CCC(O)Cc2ccc(C)cc2C(=O)N(CCO)C(C)(C)c2ccccc2)CCCC1,32.0,%,F,ChEMBL
CHEMBL277309,O=c1c2c(oc(O)c1C(c1cccc(NS(=O)(=O)c3ccc(F)cc3)c1)C1CC1)CCCCCC2,50.0,%,F,ChEMBL
CHEMBL277309,O=c1c2c(oc(O)c1C(c1cccc(NS(=O)(=O)c3ccc(F)cc3)c1)C1CC1)CCCCCC2,107.0,%,F,ChEMBL
CHEMBL424582,COc1ccc(S(=O)(=O)Oc2cc(OC)c(OC)c(OC)c2)cc1NC(=O)CCN,100.0,%,F,ChEMBL
CHEMBL314953,C[C@]12CCC(=O)C=C1NCC1C2CC[C@@]2(C)C1CC[C@@H]2C(=O)NC1(c2ccc(Cl)cc2)CCCC1,74.0,%,F,ChEMBL
CHEMBL15959,O=c1c2c(oc(O)c1[C@@H](c1cccc(NS(=O)(=O)c3ccc(F)cc3)c1)C1CC1)CCCCCC2,53.0,%,F,ChEMBL
CHEMBL16422,N#Cc1ccc(S(=O)(=O)Nc2cccc([C@H](c3c(O)oc4c(c3=O)CCCCCC4)C3CC3)c2)cc1,31.0,%,F,ChEMBL
CHEMBL444309,Cc1c(C2CCN(CCc3ccccc3)CC2)noc1-c1ccc(Cl)cc1,38.0,%,F,ChEMBL
CHEMBL97487,CCC1(N(CCO)C(=O)c2ccccc2CCC(O)Cc2ccc(C)cc2C(=O)N(CCC(O)CO)C(C)(C)c2ccccc2)CCCC1,2.0,%,F,ChEMBL
CHEMBL105462,C[C@H](NC(=O)[C@@H](Cc1c[nH]c2ccccc12)NC(=O)[C@@H](N)Cc1c[nH]cn1)C(=O)N[C@@H](Cc1c[nH]c2ccccc12)C(=O)N[C@H](Cc1ccccc1)C(=O)N[C@@H](CCCCN)C(N)=O,0.3,%,F,ChEMBL
CHEMBL2062136,N#Cc1ccc(S(=O)(=O)Nc2cccc(C(c3c(O)c4c(oc3=O)CCCCCC4)C3CC3)c2)cc1,42.0,%,F,ChEMBL
CHEMBL2062136,N#Cc1ccc(S(=O)(=O)Nc2cccc(C(c3c(O)c4c(oc3=O)CCCCCC4)C3CC3)c2)cc1,77.0,%,F,ChEMBL
CHEMBL356584,CCC1=C(C(N)=O)C(c2ccc(F)c(F)c2)N(C(=O)NCCCN2CCC(C(=O)OC)(c3ccccc3)CC2)C(=O)N1,15.0,%,F,ChEMBL
CHEMBL356584,CCC1=C(C(N)=O)C(c2ccc(F)c(F)c2)N(C(=O)NCCCN2CCC(C(=O)OC)(c3ccccc3)CC2)C(=O)N1,26.0,%,F,ChEMBL
CHEMBL61191,CC(O)(c1ccccc1)c1ccc(C(Cc2cc[n+]([O-])cc2)c2ccc(OC(F)F)c(OC(F)F)c2)cn1,57.0,%,F,ChEMBL
CHEMBL61191,CC(O)(c1ccccc1)c1ccc(C(Cc2cc[n+]([O-])cc2)c2ccc(OC(F)F)c(OC(F)F)c2)cn1,73.0,%,F,ChEMBL
CHEMBL12133,CN(C)CCCOc1cc(C(=O)Nc2ccc(Br)cc2)n(Cc2ccccc2)n1,17.0,%,F,ChEMBL
CHEMBL273688,COc1ccc(-c2ccccc2)cc1NC(=O)c1cc(OCCCN(C)C)nn1Cc1ccccc1,22.0,%,F,ChEMBL
CHEMBL107477,CCOC(=O)c1c(C)nc(CC)n1Cc1ccc2oc(-c3ccccc3-c3nn[nH]n3)c(Br)c2c1,70.0,%,F,ChEMBL
CHEMBL322910,CCCCc1nc(Cl)c(CO)n1Cc1ccc2oc(-c3ccccc3-c3nn[nH]n3)c(Br)c2c1,37.0,%,F,ChEMBL
CHEMBL410271,CCC1(N(CCO)C(=O)c2ccccc2CCC(O)Cc2ccc(Cl)cc2C(=O)N(CCO)C(C)(C)c2ccccc2)CCCC1,31.0,%,F,ChEMBL
CHEMBL710,CC(C)(C)NC(=O)[C@H]1CC[C@H]2[C@@H]3CC[C@H]4NC(=O)C=C[C@]4(C)[C@H]3CC[C@]12C,69.0,%,F,ChEMBL
CHEMBL24734,Nc1cnc(-c2cccc(Cl)c2)n(CC(=O)NC(Cc2ccccc2)C(=O)C(F)(F)C(=O)NCc2ccccc2)c1=O,17.0,%,BA,ChEMBL
CHEMBL24734,Nc1cnc(-c2cccc(Cl)c2)n(CC(=O)NC(Cc2ccccc2)C(=O)C(F)(F)C(=O)NCc2ccccc2)c1=O,32.0,%,BA,ChEMBL
CHEMBL352576,CC(=O)NCc1ccc(CN2CCN(c3ccc(F)cc3F)CC2)cc1,95.5,%,F,ChEMBL
CHEMBL323530,Cc1ccc(CC(O)CCc2ccccc2C(=O)N(CCO)C(C)(C)c2ccccc2)c(C(=O)N(CCO)C(C)(C)c2ccccc2)c1,34.0,%,F,ChEMBL
CHEMBL274872,COc1ccc(NC(=O)c2cc(OCCCN(C)C)nn2Cc2ccccc2)cc1Cl,11.0,%,F,ChEMBL
CHEMBL305544,CCc1nc(C2CC2)c(C(N)=O)n1Cc1ccc2oc(-c3ccccc3NS(=O)(=O)C(F)(F)F)c(Br)c2c1,79.0,%,F,ChEMBL
CHEMBL304639,CCCCc1nc(Cl)c(C(=O)O)n1Cc1ccc2oc(-c3ccccc3-c3nnn[nH]3)c(Br)c2c1,3.0,%,F,ChEMBL
CHEMBL304639,CCCCc1nc(Cl)c(C(=O)O)n1Cc1ccc2oc(-c3ccccc3-c3nnn[nH]3)c(Br)c2c1,9.0,%,F,ChEMBL
CHEMBL341948,CC1Cc2c(OCc3ccc(-c4ccccc4)cn3)ccc3c2c(c(CCOc2ccccc2C(=O)O)n3Cc2ccc(Cl)cc2)S1,37.0,%,F,ChEMBL
CHEMBL140915,CC1Cc2c(OCc3ccc(-c4ccccc4)cn3)ccc3c2c(c(COc2ccccc2CC(=O)O)n3Cc2cccc(Cl)c2)S1,32.0,%,F,ChEMBL
CHEMBL430663,CCC1(N(CCO)C(=O)c2ccccc2CCC(O)Cc2ccc(C)cc2C(=O)N(CCO)C(C)(C)c2ccc(O)cc2)CCCC1,0.0,%,F,ChEMBL
CHEMBL431095,Cc1c(-c2ccccc2)nc(O)n1C1CCN(Cc2cccc(C#N)c2)CC1,69.0,%,F,ChEMBL
CHEMBL275888,O=c1c2c(oc(O)c1[C@H](c1cccc(NS(=O)(=O)c3cccc4cccnc34)c1)C1CC1)CCCCCC2,34.0,%,F,ChEMBL
CHEMBL280303,Cn1cnc(S(=O)(=O)Nc2cccc([C@@H](c3c(O)c4c(oc3=O)CCCCCC4)C3CC3)c2)c1,15.0,%,F,ChEMBL
CHEMBL337576,CC1Cc2c(OCc3ccc(-c4ccccc4)cn3)ccc3c2c(c(CCSc2ccccc2C(=O)O)n3Cc2ccc(Cl)cc2)S1,10.0,%,F,ChEMBL
CHEMBL423439,COc1ccc(S(=O)(=O)Oc2cc(OC)c(OC)c(OC)c2)cc1N,0.0,%,F,ChEMBL
CHEMBL292040,CCc1nc(C)c(C(=O)NC)n1Cc1ccc2oc(-c3ccccc3NS(=O)(=O)C(F)(F)F)c(Br)c2c1,95.0,%,F,ChEMBL
CHEMBL327702,C[C@]12CCC(=O)C=C1NCC1C2CC[C@@]2(C)C1CC[C@@H]2C(=O)Nc1cc(C(F)(F)F)ccc1C(F)(F)F,100.0,%,F,ChEMBL
CHEMBL342684,CC1Cc2c(OCc3ccc(-c4ccccc4)cn3)ccc3c2c(c(CCOc2ccccc2CC(=O)O)n3Cc2ccc(F)cc2)S1,4.0,%,F,ChEMBL
CHEMBL341562,CC1Cc2c(OCc3ccc(-c4ccccc4)cn3)ccc3c2c(c(COc2ccccc2CC(=O)O)n3Cc2ccc(Cl)cc2)S1,35.0,%,F,ChEMBL
CHEMBL275634,CCC(OCCc1c2c3c(c(OCc4ccc(-c5ccccc5)cn4)ccc3n1Cc1ccc(Cl)cc1)CC(C)S2)C(=O)O,88.0,%,F,ChEMBL
CHEMBL3706613,CC(C)(c1ncc(-c2cccnc2)o1)N1CCN(C[C@@H](O)C[C@@H](Cc2ccccc2)C(=O)N[C@H]2c3ccccc3OC[C@H]2O)[C@H](C(=O)NCC(F)(F)F)C1,10.0,%,F,ChEMBL
CHEMBL277224,CC(C)(C)c1ccc(C(F)(F)F)cc1NC(=O)[C@H]1CCC2C3CNC4=CC(=O)CC[C@]4(C)C3CC[C@@]21C,67.0,%,F,ChEMBL
CHEMBL172144,Cc1ccccc1C(Oc1cc(OCc2ccc3c(c2)OCO3)ccc1C#N)C(=O)[O-].[Na+],84.0,%,F,ChEMBL
CHEMBL172144,Cc1ccccc1C(Oc1cc(OCc2ccc3c(c2)OCO3)ccc1C#N)C(=O)[O-].[Na+],89.0,%,F,ChEMBL
CHEMBL267014,Clc1ccc(N2CCN(Cc3c[nH]c4ncccc34)CC2)cc1,66.0,%,F,ChEMBL
CHEMBL267014,Clc1ccc(N2CCN(Cc3c[nH]c4ncccc34)CC2)cc1,20.0,%,F,ChEMBL
CHEMBL37637,Cc1cc(OCCCON=C(N)N)cc(OS(=O)(=O)c2ccccc2S(C)(=O)=O)c1,95.0,%,F,ChEMBL
CHEMBL424290,COc1cc(C(=O)O)ccc1Cc1cn(C(c2ccccc2)c2ccccc2)c2ccc(C#N)cc12,19.0,%,F,ChEMBL
CHEMBL343124,COc1cc(C(=O)O)ccc1Cc1cn(C(c2ccccc2)c2ccccc2)c2ccc(Cl)cc12,22.0,%,F,ChEMBL
CHEMBL15314,NCC1CCN(c2nc3c(cc2F)c(=O)c(C(=O)O)cn3C2CC2)C1,10.1,%,F,ChEMBL
CHEMBL445580,Cc1cc(C)c(C(C)(C)CC(=O)OCC(CO)OCn2cnc3c(O)nc(N)nc32)c(OCc2ccccc2)c1,0.0,%,F,ChEMBL
CHEMBL140539,COc1cc(C(=O)O)ccc1Cc1cn(C(c2ccccc2)c2ccccc2)c2ccc(Br)cc12,16.0,%,F,ChEMBL
CHEMBL81,O=C(c1ccc(OCCN2CCCCC2)cc1)c1c(-c2ccc(O)cc2)sc2cc(O)ccc12,10.0,%,F,ChEMBL
CHEMBL81,O=C(c1ccc(OCCN2CCCCC2)cc1)c1c(-c2ccc(O)cc2)sc2cc(O)ccc12,5.0,%,F,ChEMBL
CHEMBL83649,O=C(O)C[C@H](NC(=O)CCCCc1ccc2c(n1)NCCC2)c1cccc(F)c1,81.0,%,F,ChEMBL
CHEMBL3084828,N[C@H]1CC[C@H](C(NC(=O)[C@@H]2CC[C@H]3CN(S(=O)(=O)Cc4ccccc4)CC(=O)N32)C(=O)C(=O)O)CC1,0.4,%,F,ChEMBL
CHEMBL182,Nc1nc2c(ncn2COC(CO)CO)c(=O)[nH]1,3.6,%,F,ChEMBL
CHEMBL41982,Cc1cc(C(=O)Nc2ccc(-c3ccccc3S(N)(=O)=O)cc2)n(-c2cc3ccccc3cc2F)n1,22.0,%,F,ChEMBL
CHEMBL37251,Cc1cc(C(=O)Nc2ccc(-c3ccccc3S(N)(=O)=O)cc2)n(-c2cccc(C(=N)N)c2)n1,4.0,%,F,ChEMBL
CHEMBL98892,Oc1ccc2c(c1)OC(c1ccc(OCCN3CCCC3)cc1)C(c1ccccc1)=C2,27.0,%,F,ChEMBL
CHEMBL356062,COc1ccc(-n2cnnn2)cc1CN[C@H]1CCCN[C@H]1c1ccccc1,76.0,%,F,ChEMBL
CHEMBL317748,Oc1ccc2c(c1)CC[C@H](c1ccccc1)[C@H]2c1ccc(OCCN2CCCC2)cc1,16.0,%,F,ChEMBL
CHEMBL3084833,COC(=O)C(=O)C(NC(=O)[C@@H]1CC[C@H]2CN(S(=O)(=O)Cc3ccccc3)CC(=O)N21)[C@H]1CC[C@H](N)CC1,1.1,%,F,ChEMBL
CHEMBL315015,O=C(O)C[C@H](NC(=O)CCCCc1ccc2c(n1)NCCC2)c1ccc2c(c1)OCO2,94.0,%,F,ChEMBL
CHEMBL83045,O=C(O)C[C@H](NC(=O)CCCCc1ccc2c(n1)NCCC2)c1ccc2c(c1)OCC2,99.0,%,F,ChEMBL
CHEMBL139858,COc1cc(C(=O)O)ccc1Cc1cn(C(c2ccccc2)c2ccccc2)c2cc(Cl)ccc12,63.0,%,F,ChEMBL
CHEMBL3084831,CCCCOC(=O)C(=O)C(NC(=O)[C@@H]1CC[C@H]2CN(S(=O)(=O)Cc3ccccc3)CC(=O)N21)[C@H]1CC[C@H](N)CC1,0.7,%,F,ChEMBL
CHEMBL22978,CN1CCC(O)(c2nc(-c3ccc(F)cc3)c(-c3ccncc3)o2)CC1,65.0,%,F,ChEMBL
CHEMBL17344,O=S(=O)(Nc1cccc(OCc2ccc3ccccc3n2)c1)C(F)(F)F,49.0,%,F,ChEMBL
CHEMBL79248,O=C(O)C[C@H](NC(=O)CCCCc1ccc2c(n1)NCCC2)c1cnc2ccccc2c1,65.0,%,F,ChEMBL
CHEMBL100303,Oc1ccc2c(c1)CC[C@@H](c1ccccc1)[C@H]2c1ccc(OCCN2CCCC2)cc1,29.0,%,F,ChEMBL
CHEMBL3084829,N[C@H]1CC[C@H](C(NC(=O)[C@@H]2CC[C@H]3CN(S(=O)(=O)Cc4ccccc4)CC(=O)N32)C(=O)c2nc3ccccc3s2)CC1,0.6,%,F,ChEMBL
CHEMBL3084830,Cc1nc(C(=O)C(NC(=O)[C@@H]2CC[C@H]3CN(S(=O)(=O)Cc4ccccc4)CC(=O)N32)[C@H]2CC[C@H](N)CC2)sc1C(=O)O,0.4,%,F,ChEMBL
CHEMBL420768,O=C(O)C[C@H](NC(=O)CCCCc1ccc2c(n1)NCCC2)c1cncnc1,10.0,%,F,ChEMBL
CHEMBL129683,CN(C[C@@H](CCN1CCC(c2ccccc2[S@+](C)[O-])CC1)c1ccc(Cl)c(Cl)c1)C(=O)c1cc(C#N)cc2ccccc12,9.0,%,F,ChEMBL
CHEMBL129683,CN(C[C@@H](CCN1CCC(c2ccccc2[S@+](C)[O-])CC1)c1ccc(Cl)c(Cl)c1)C(=O)c1cc(C#N)cc2ccccc12,18.0,%,F,ChEMBL
CHEMBL45210,CC(=O)Oc1cc(C)cc(C)c1C(C)(C)CC(=O)OCC(CO)OCn1cnc2c(O)nc(N)nc21,15.6,%,F,ChEMBL
CHEMBL3084832,N[C@H]1CC[C@H](C(NC(=O)[C@@H]2CC[C@H]3CN(S(=O)(=O)Cc4ccccc4)CC(=O)N32)C(=O)c2nccs2)CC1,1.8,%,F,ChEMBL
CHEMBL337790,COc1cc(C(=O)O)ccc1Cc1cn(C(c2ccccc2)c2ccccc2)c2ccc(C)cc12,38.0,%,F,ChEMBL
CHEMBL47250,Cc1cc(C(=O)Nc2ccc(-c3ccccc3S(N)(=O)=O)cc2)n(-c2ccc3ccccc3c2)n1,24.5,%,F,ChEMBL
CHEMBL281145,CN1CCC(O)(c2nc(-c3ccc(F)cc3)c(-c3ccncc3)[nH]2)CC1,23.0,%,F,ChEMBL
CHEMBL430,CO/N=C1\CN(c2nc3c(cc2F)c(=O)c(C(=O)O)cn3C2CC2)CC1CN,95.3,%,F,ChEMBL
CHEMBL430,CO/N=C1\CN(c2nc3c(cc2F)c(=O)c(C(=O)O)cn3C2CC2)CC1CN,71.0,%,F,ChEMBL
CHEMBL343404,COc1ccc(S(C)(=O)=O)cc1CN[C@H]1CCCN[C@H]1c1ccccc1,42.0,%,F,ChEMBL
CHEMBL3084837,CCSC(=O)C(=O)C(NC(=O)[C@@H]1CC[C@H]2CN(S(=O)(=O)Cc3ccccc3)CC(=O)N21)[C@H]1CC[C@H](N)CC1,0.3,%,F,ChEMBL
CHEMBL310212,O=C(O)C[C@H](NC(=O)CCCCc1ccc2c(n1)NCCC2)c1ccc2nc(O)oc2c1,25.0,%,F,ChEMBL
CHEMBL115220,O=C(Cc1ccc2ccccc2c1)Nc1cc(C2CC2)n[nH]1,89.8,%,F,ChEMBL
CHEMBL328190,Oc1ccc2c(c1)CC[C@H](c1ccccc1)[C@@H]2c1ccc(OCCN2CCCC2)cc1,60.0,%,F,ChEMBL
CHEMBL328190,Oc1ccc2c(c1)CC[C@H](c1ccccc1)[C@@H]2c1ccc(OCCN2CCCC2)cc1,62.0,%,F,ChEMBL
CHEMBL328190,Oc1ccc2c(c1)CC[C@H](c1ccccc1)[C@@H]2c1ccc(OCCN2CCCC2)cc1,45.0,%,F,ChEMBL
CHEMBL24088,C[C@]12CCC(=O)C=C1NCC1C2CC[C@@]2(C)C1CC[C@@H]2C(=O)NC(c1ccccc1)c1ccccc1,79.0,%,F,ChEMBL
CHEMBL306827,COc1cccc(OC)c1-c1ccc(C[C@H](/N=C(\NCC(F)(F)F)[C@@H]2CCN2S(=O)(=O)c2ccccc2)C(=O)O)cc1,1.8,%,F,ChEMBL
CHEMBL74437,COc1cccc(OC)c1-c1ccc(C[C@H](/N=C(\NS(C)(=O)=O)[C@@H]2CCN2S(=O)(=O)c2ccccc2)C(=O)O)cc1,1.6,%,F,ChEMBL
CHEMBL128100,CCCN(Cc1sc(Nc2c(Cl)cc(Cl)cc2Cl)nc1C(F)(F)F)CC1CC1,9.0,%,F,ChEMBL
CHEMBL128100,CCCN(Cc1sc(Nc2c(Cl)cc(Cl)cc2Cl)nc1C(F)(F)F)CC1CC1,9.0,%,F,ChEMBL
CHEMBL59030,O=C(O)Cc1cccc(OCCCN(Cc2cccc(C(F)(F)F)c2Cl)CC(c2ccccc2)c2ccccc2)c1,70.0,%,F,ChEMBL
CHEMBL123703,CN(C(=O)[C@@H](Cc1ccc2ccccc2c1)NC(=O)c1cccc(CN)c1)[C@H](Cc1ccccc1)C(=O)N[C@@H](CCCCN)C(N)=O,0.6666,%,F,ChEMBL
CHEMBL76119,COc1cccc(OC)c1-c1ccc(C[C@H](NC(=O)[C@@H]2CCN2S(=O)(=O)c2cc(Cl)cc(Cl)c2)C(=O)O)cc1,11.0,%,F,ChEMBL
CHEMBL369086,CN(C)Cc1ccc(C(=O)Nc2ccc(Cl)cc2C(=O)Nc2ccc(Cl)cn2)cc1,100.0,%,F,ChEMBL
CHEMBL25193,CC(C)Cc1ccc([C@H](C)Oc2ccc(C(=O)c3cn(CCCC(=O)O)c4ccccc34)cc2)cc1,56.0,%,F,ChEMBL
CHEMBL25193,CC(C)Cc1ccc([C@H](C)Oc2ccc(C(=O)c3cn(CCCC(=O)O)c4ccccc34)cc2)cc1,86.0,%,F,ChEMBL
CHEMBL310044,COc1cccc(OC)c1-c1ccc(C[C@H](/N=C(\N)[C@@H]2CCN2S(=O)(=O)c2cc(Cl)cc(Cl)c2)C(=O)O)cc1,0.3,%,F,ChEMBL
CHEMBL414879,COc1cccc(OC)c1-c1ccc(C[C@@H]2/N=C(/[C@@H]3CCN3S(=O)(=O)c3ccccc3)NCc3nccn3C2=O)cc1,0.6,%,F,ChEMBL
CHEMBL280662,Cn1c(-c2ccc(Cl)cc2)c(CCC(=O)N2CCC(O)(Cc3ccccc3)CC2)c2cc(Cl)ccc21,2.3,%,F,ChEMBL
CHEMBL176671,CN(C)NCc1ccc(C(=O)Nc2ccc(Cl)cc2C(=O)Nc2ccc(Cl)cn2)cc1,4.0,%,F,ChEMBL
CHEMBL293045,N=C(N)c1ccc(CCC(=O)O)c(OCCNC(=O)C2CCN(c3ccncc3)CC2)c1,6.0,%,F,ChEMBL
CHEMBL129321,COc1c(C#N)cc2ccccc2c1C(=O)N(C)C[C@@H](CCN1CCC(c2ccccc2[S@+](C)[O-])CC1)c1ccc(Cl)c(Cl)c1,12.0,%,F,ChEMBL
CHEMBL129321,COc1c(C#N)cc2ccccc2c1C(=O)N(C)C[C@@H](CCN1CCC(c2ccccc2[S@+](C)[O-])CC1)c1ccc(Cl)c(Cl)c1,51.0,%,F,ChEMBL
CHEMBL312143,CN1CC2C(CC[C@@]3(C)C2CC[C@@H]3C(=O)NC(C)(C)C)[C@@]2(C)CCC(=O)C=C12,80.0,%,F,ChEMBL
CHEMBL340326,COc1ccc(C2CCN(CC[C@H](CN(C)C(=O)c3cc(C#N)cc4ccccc34)c3ccc(Cl)c(Cl)c3)CC2)c([S@+](C)[O-])c1,7.0,%,F,ChEMBL
CHEMBL340326,COc1ccc(C2CCN(CC[C@H](CN(C)C(=O)c3cc(C#N)cc4ccccc34)c3ccc(Cl)c(Cl)c3)CC2)c([S@+](C)[O-])c1,18.0,%,F,ChEMBL
CHEMBL129683,CN(C[C@@H](CCN1CCC(c2ccccc2[S@+](C)[O-])CC1)c1ccc(Cl)c(Cl)c1)C(=O)c1cc(C#N)cc2ccccc12,9.0,%,F,ChEMBL
CHEMBL129683,CN(C[C@@H](CCN1CCC(c2ccccc2[S@+](C)[O-])CC1)c1ccc(Cl)c(Cl)c1)C(=O)c1cc(C#N)cc2ccccc12,18.0,%,F,ChEMBL
CHEMBL1205,CS(=O)(=O)O.Cc1c(O)cccc1C(=O)N[C@@H](CSc1ccccc1)[C@H](O)CN1C[C@H]2CCCC[C@H]2C[C@H]1C(=O)NC(C)(C)C,43.0,%,F,ChEMBL
CHEMBL1205,CS(=O)(=O)O.Cc1c(O)cccc1C(=O)N[C@@H](CSc1ccccc1)[C@H](O)CN1C[C@H]2CCCC[C@H]2C[C@H]1C(=O)NC(C)(C)C,29.0,%,F,ChEMBL
CHEMBL1205,CS(=O)(=O)O.Cc1c(O)cccc1C(=O)N[C@@H](CSc1ccccc1)[C@H](O)CN1C[C@H]2CCCC[C@H]2C[C@H]1C(=O)NC(C)(C)C,35.0,%,F,ChEMBL
CHEMBL1205,CS(=O)(=O)O.Cc1c(O)cccc1C(=O)N[C@@H](CSc1ccccc1)[C@H](O)CN1C[C@H]2CCCC[C@H]2C[C@H]1C(=O)NC(C)(C)C,9.0,%,F,ChEMBL
CHEMBL1205,CS(=O)(=O)O.Cc1c(O)cccc1C(=O)N[C@@H](CSc1ccccc1)[C@H](O)CN1C[C@H]2CCCC[C@H]2C[C@H]1C(=O)NC(C)(C)C,10.0,%,F,ChEMBL
CHEMBL420936,COc1cccc(OC)c1-c1ccc(C[C@H](/N=C(\N)[C@@H]2CCN2S(=O)(=O)c2ccccc2)C(=O)O)cc1,0.2,%,F,ChEMBL
CHEMBL305709,CN/C(=N\[C@@H](Cc1ccc(-c2c(OC)cccc2OC)cc1)C(=O)O)[C@@H]1CCN1S(=O)(=O)c1ccccc1,0.7,%,F,ChEMBL
CHEMBL710,CC(C)(C)NC(=O)[C@H]1CC[C@H]2[C@@H]3CC[C@H]4NC(=O)C=C[C@]4(C)[C@H]3CC[C@]12C,69.0,%,F,ChEMBL
CHEMBL58547,CC(C)(N)C(=O)N[C@@H](Cc1c[nH]cn1)C(=O)N[C@H](Cc1ccc2ccccc2c1)C(=O)N[C@H](Cc1ccccc1)C(=O)N[C@@H](CCCCN)C(N)=O,4.0,%,F,ChEMBL
CHEMBL367953,N=C1OCCN1Cc1ccc(C(=O)Nc2ccc(Cl)cc2C(=O)Nc2ccc(Cl)cn2)cc1,44.0,%,F,ChEMBL
CHEMBL312369,CON/C(=N\[C@@H](Cc1ccc(-c2c(OC)cccc2OC)cc1)C(=O)O)[C@@H]1CCN1S(=O)(=O)c1ccccc1,9.3,%,F,ChEMBL
CHEMBL74958,COc1cccc(OC)c1-c1ccc(C[C@H](/N=C(\NC#N)[C@@H]2CCN2S(=O)(=O)c2ccccc2)C(=O)O)cc1,3.0,%,F,ChEMBL
CHEMBL173994,COc1cc(Cl)cc(C(=O)Nc2ccc(Cl)cn2)c1NC(=O)c1scc(CN(C)C2=NCCO2)c1Cl,40.0,%,F,ChEMBL
CHEMBL19808,Cc1noc(NS(=O)(=O)c2ccsc2C(=O)Nc2cc3c(cc2C#N)OCO3)c1Cl,8.0,%,F,ChEMBL
CHEMBL74507,COc1cccc(OC)c1-c1ccc(C[C@H](/N=C(\NCC2CCOOCC2)[C@@H]2CCN2S(=O)(=O)c2ccccc2)C(=O)O)cc1,0.6,%,F,ChEMBL
CHEMBL117166,c1cncc(-c2cnn3cc(-c4ccc(OCCN5CCCCC5)cc4)cnc23)c1,42.0,%,F,ChEMBL
CHEMBL55500,N=C(N)c1ccc(CC(=O)C(=O)O)c(OCCNC(=O)C2CCN(c3ccncc3)CC2)c1,12.0,%,F,ChEMBL
CHEMBL92404,C[C@H](O)[C@@H](CCOc1ccc2ccccc2c1)n1cnc(C(N)=O)c1,42.0,%,F,ChEMBL
CHEMBL92404,C[C@H](O)[C@@H](CCOc1ccc2ccccc2c1)n1cnc(C(N)=O)c1,91.0,%,F,ChEMBL
CHEMBL78157,COc1cccc(OC)c1-c1ccc(C[C@H](NC(=O)[C@@H]2CCN2S(=O)(=O)c2ccccc2)C(=O)O)cc1,1.4,%,F,ChEMBL
CHEMBL55237,CC(=N)N1CCC(Oc2ccc(C(=O)N[C@@H](COc3cc(C(=N)N)ccc3CC(=O)C(=O)O)CC(=O)O)cc2)CC1,12.0,%,F,ChEMBL
CHEMBL108922,CCO/N=C/c1ccc(OCCC2CCN(c3ccc(C)nn3)CC2)cc1,61.6,%,F,ChEMBL
CHEMBL108922,CCO/N=C/c1ccc(OCCC2CCN(c3ccc(C)nn3)CC2)cc1,63.7,%,F,ChEMBL
CHEMBL283136,Cc1noc(NS(=O)(=O)c2ccsc2C(=O)Nc2ccc3c(c2)OCO3)c1Br,0.0,%,F,ChEMBL
CHEMBL328139,C[C@H](O)[C@@H](CCc1cccc(Cl)c1Cl)n1cnc(C(N)=O)c1,44.0,%,F,ChEMBL
CHEMBL328139,C[C@H](O)[C@@H](CCc1cccc(Cl)c1Cl)n1cnc(C(N)=O)c1,43.0,%,F,ChEMBL
CHEMBL269369,N#Cc1cccc(C(=O)C(Nc2ccc(Cl)cc2)NC(Cn2ccnc2)c2ccc(Cl)cc2Cl)c1,47.0,%,F,ChEMBL
CHEMBL282724,Cc1cc2c(cc1CC(=O)c1sccc1S(=O)(=O)Nc1onc(C)c1Cl)OCO2,60.0,%,F,ChEMBL
CHEMBL333021,c1cc(-c2cnn3cc(-c4ccc(OCCN5CCCCC5)cc4)cnc23)cs1,18.0,%,F,ChEMBL
CHEMBL75032,CN/C(=N\[C@@H](Cc1ccc(-c2c(OC)cccc2OC)cc1)C(=O)O)[C@@H]1CCN1S(=O)(=O)c1cc(Cl)cc(Cl)c1,0.8,%,F,ChEMBL
CHEMBL74727,COc1cccc(OC)c1-c1ccc(C[C@H](/N=C(\NCCn2cnnc2)[C@@H]2CCN2S(=O)(=O)c2ccccc2)C(=O)O)cc1,0.0,%,F,ChEMBL
CHEMBL75278,COc1cccc(OC)c1-c1ccc(C[C@@H]2N=C([C@@H]3CCN3S(=O)(=O)c3ccccc3)NNC2=O)cc1,3.3,%,F,ChEMBL
CHEMBL282470,Cc1noc(NS(=O)(=O)c2ccsc2C(=O)Cc2ccc3c(c2)OCO3)c1Cl,30.0,%,F,ChEMBL
CHEMBL407381,COc1cccc(OC)c1-c1ccc(C[C@H](/N=C(\NCC(C)(C)C)[C@@H]2CCN2S(=O)(=O)c2ccccc2)C(=O)O)cc1,0.0,%,F,ChEMBL
CHEMBL19950,CC(=O)c1cc(C)cc(C)c1NC(=O)c1sccc1S(=O)(=O)Nc1onc(C)c1Cl,25.0,%,F,ChEMBL
CHEMBL19950,CC(=O)c1cc(C)cc(C)c1NC(=O)c1sccc1S(=O)(=O)Nc1onc(C)c1Cl,42.0,%,F,ChEMBL
CHEMBL19950,CC(=O)c1cc(C)cc(C)c1NC(=O)c1sccc1S(=O)(=O)Nc1onc(C)c1Cl,70.0,%,F,ChEMBL
CHEMBL93560,C[C@H](O)[C@@H](CCc1cccc2ccccc12)n1cnc(C(N)=O)c1,30.0,%,F,ChEMBL
CHEMBL93560,C[C@H](O)[C@@H](CCc1cccc2ccccc12)n1cnc(C(N)=O)c1,38.0,%,F,ChEMBL
CHEMBL283535,CC(=O)c1cc2c(cc1NC(=O)c1sccc1S(=O)(=O)Nc1onc(C)c1Cl)OCO2,27.0,%,F,ChEMBL
CHEMBL308155,COCCN/C(=N\[C@@H](Cc1ccc(-c2c(OC)cccc2OC)cc1)C(=O)O)[C@@H]1CCN1S(=O)(=O)c1ccccc1,0.0,%,F,ChEMBL
CHEMBL118400,CN1CCN(CCCn2ccc(-c3cnc4c(-c5ccsc5)cnn4c3)cc2=O)CC1,56.0,%,F,ChEMBL
CHEMBL95740,CS(=O)(=O)O.Cc1c(O)cccc1C(=O)N[C@@H](CSc1ccccc1)[C@H](O)CN1C[C@H]2CCS[C@H]2C[C@H]1C(=O)NC(C)(C)C,22.0,%,F,ChEMBL
CHEMBL95740,CS(=O)(=O)O.Cc1c(O)cccc1C(=O)N[C@@H](CSc1ccccc1)[C@H](O)CN1C[C@H]2CCS[C@H]2C[C@H]1C(=O)NC(C)(C)C,19.0,%,F,ChEMBL
CHEMBL308346,O=C(N[C@@H](Cc1ccc2oc(-c3c(Cl)cccc3Cl)nc2c1)C(=O)O)c1c(Cl)cccc1Cl,20.0,%,F,ChEMBL
CHEMBL296406,COc1cc(-c2[nH]cnc2-c2ccc(N(C)C)cc2)cc(OC)c1OC,1.3,%,F,ChEMBL
CHEMBL295738,COc1cc(-c2[nH]cnc2-c2ccc3ccn(C)c3c2)cc(OC)c1OC,0.31,%,F,ChEMBL
CHEMBL313177,O=C(O)CC1(CS[C@H](CCc2ccccc2C(O)(C(F)(F)F)C(F)(F)F)c2cccc(/C=C/c3ccc4sc(Cl)c(Cl)c4n3)c2)CC1,2.0,%,F,ChEMBL
CHEMBL65693,CS(=O)(=O)Nc1ccc2[nH]c(Cc3ccc(Oc4ccccc4)cc3)nc2c1,97.0,%,F,ChEMBL
CHEMBL82790,O=C(O)CC1(CS[C@H](CCc2ccc(Br)cc2)c2cccc(/C=C/c3ccc4sc(Cl)c(Cl)c4n3)c2)CC1,3.0,%,F,ChEMBL
CHEMBL295644,COc1cc(-c2ncn(C)c2-c2ccc3ccn(C)c3c2)cc(OC)c1OC,35.7,%,F,ChEMBL
CHEMBL295644,COc1cc(-c2ncn(C)c2-c2ccc3ccn(C)c3c2)cc(OC)c1OC,44.5,%,F,ChEMBL
CHEMBL295644,COc1cc(-c2ncn(C)c2-c2ccc3ccn(C)c3c2)cc(OC)c1OC,12.5,%,F,ChEMBL
CHEMBL295644,COc1cc(-c2ncn(C)c2-c2ccc3ccn(C)c3c2)cc(OC)c1OC,24.2,%,F,ChEMBL
CHEMBL306739,O=C(N[C@@H](Cc1ccc2[nH]c(-c3c(Cl)cccc3Cl)nc2c1)C(=O)O)c1c(Cl)cccc1Cl,1.2,%,F,ChEMBL
CHEMBL22386,CCCCCCn1ccn(-c2ccc(S(=O)(=O)Nc3ccc(CCNC[C@H](O)c4cccnc4)cc3)cc2)c1=O,12.0,%,F,ChEMBL
CHEMBL9946,CCCCN(CC)c1nc(C)nc2c1c(C)cn2-c1c(C)cc(C)cc1C,37.0,%,F,ChEMBL
CHEMBL84707,CC(C)(O)c1ccccc1CC[C@@H](SCC1(CC(=O)O)CC1)c1cccc(/C=C/c2ccc3scc(Cl)c3n2)c1,13.0,%,F,ChEMBL
CHEMBL87528,O=C(O)CC1(CS[C@H](CCc2ccccc2C(F)(F)F)c2cccc(/C=C/c3ccc4sc(Cl)c(Cl)c4n3)c2)CC1,1.0,%,F,ChEMBL
CHEMBL314340,CC(C)(O)c1ccccc1CC[C@@H](SCC1(CC(=O)O)CC1)c1cccc(/C=C/c2ccc3sc(Cl)cc3n2)c1,31.0,%,F,ChEMBL
CHEMBL314237,CC(C)(O)c1ccccc1CC[C@@H](SCC1(CC(=O)O)CC1)c1cccc(/C=C/c2ccc3sc(F)c(F)c3n2)c1,25.0,%,F,ChEMBL
CHEMBL86302,O=C(O)CC1(CS[C@H](CCc2ccccc2)c2cccc(/C=C/c3ccc4sc(Cl)c(Cl)c4n3)c2)CC1,13.0,%,F,ChEMBL
CHEMBL22386,CCCCCCn1ccn(-c2ccc(S(=O)(=O)Nc3ccc(CCNC[C@H](O)c4cccnc4)cc3)cc2)c1=O,7.0,%,F,ChEMBL
CHEMBL313195,O=C(O)CC1(CS[C@H](CCc2cccc(C3(O)CCC3)c2)c2cccc(/C=C/c3ccc4sc(Cl)c(Cl)c4n3)c2)CC1,13.0,%,F,ChEMBL
CHEMBL63760,O=S(=O)(Nc1ccc(CCNC[C@H](O)c2cccnc2)cc1)c1ccc(-n2ncc(-c3ccc(C(F)(F)F)cc3)n2)cc1,18.0,%,F,ChEMBL
CHEMBL46052,COc1ccc(-c2ocnc2-c2cc(OC)c(OC)c(OC)c2)cc1N,0.5,%,F,ChEMBL
CHEMBL85572,O=C(O)CC1(CS[C@H](CCc2ccccc2Br)c2cccc(/C=C/c3ccc4sc(Cl)c(Cl)c4n3)c2)CC1,3.0,%,F,ChEMBL
CHEMBL46215,COc1ccc(-c2c(-c3cc(OC)c(OC)c(OC)c3)ncn2C)cc1N,82.3,%,F,ChEMBL
CHEMBL46215,COc1ccc(-c2c(-c3cc(OC)c(OC)c(OC)c3)ncn2C)cc1N,45.8,%,F,ChEMBL
CHEMBL46215,COc1ccc(-c2c(-c3cc(OC)c(OC)c(OC)c3)ncn2C)cc1N,91.2,%,F,ChEMBL
CHEMBL46215,COc1ccc(-c2c(-c3cc(OC)c(OC)c(OC)c3)ncn2C)cc1N,89.7,%,F,ChEMBL
CHEMBL65231,Oc1ccc2[nH]c(CN3CCC(Cc4ccccc4)CC3)nc2c1,20.0,%,F,ChEMBL
CHEMBL65231,Oc1ccc2[nH]c(CN3CCC(Cc4ccccc4)CC3)nc2c1,90.0,%,F,ChEMBL
CHEMBL369143,O=C(O)C1CCCN(c2ccccc2Sc2ccc(C3CC3C(=O)NCCCN3CCCC3=O)c(Cl)c2Cl)C1,27.0,%,F,ChEMBL
CHEMBL68134,Oc1ccc2[nH]c(CN3CCC(Cc4ccccc4F)CC3)nc2c1,6.4,%,F,ChEMBL
CHEMBL68134,Oc1ccc2[nH]c(CN3CCC(Cc4ccccc4F)CC3)nc2c1,87.0,%,F,ChEMBL
CHEMBL84841,O=C(O)CC1(CS[C@H](CCc2ccc(C(F)(F)F)cc2)c2cccc(/C=C/c3ccc4sc(Cl)c(Cl)c4n3)c2)CC1,4.0,%,F,ChEMBL
CHEMBL22317,O=C1N(CCCC2CCCC2)CCN1c1ccc(S(=O)(=O)Nc2ccc(CCNC[C@H](O)c3cccnc3)cc2)cc1,17.0,%,F,ChEMBL
CHEMBL309823,COc1cccc(OC)c1-c1ccc(C[C@H](NC(=O)[C@]2(C)CCN2S(=O)(=O)c2cc(Cl)cc(Cl)c2)C(=O)O)cc1,9.0,%,F,ChEMBL
CHEMBL77924,O=C(O)[C@H](Cc1ccc2oc(-c3c(Cl)cccc3Cl)nc2c1)NC(=O)[C@@H]1CCN1S(=O)(=O)c1cc(Cl)cc(Cl)c1,15.0,%,F,ChEMBL
CHEMBL313187,CC(C)(O)c1ccc(CC[C@@H](SCC2(CC(=O)O)CC2)c2cccc(/C=C/c3ccc4sc(Cl)c(Cl)c4n3)c2)cc1,35.0,%,F,ChEMBL
CHEMBL414885,O=C(O)CC1(CS[C@H](CCc2ccc(C3(O)CCC3)cc2)c2cccc(/C=C/c3ccc4sc(Cl)c(Cl)c4n3)c2)CC1,15.0,%,F,ChEMBL
CHEMBL295850,COc1cc(-c2ncn(C)c2-c2cc(F)c3c(ccn3C)c2)cc(OC)c1OC,12.3,%,F,ChEMBL
CHEMBL49889,COc1cc(-c2c(-c3ccc4ccn(C)c4c3)ncn2C)cc(OC)c1OC,2.5,%,F,ChEMBL
CHEMBL73986,O=C(Nc1ccc(C[C@H](NC(=O)[C@@H]2CCN2S(=O)(=O)c2cc(Cl)cc(Cl)c2)C(=O)O)cc1)c1c(Cl)cccc1Cl,0.7,%,F,ChEMBL
CHEMBL87696,O=C(O)CC1(CS[C@H](CCc2ccc(F)cc2)c2cccc(/C=C/c3ccc4sc(Cl)c(Cl)c4n3)c2)CC1,5.0,%,F,ChEMBL
CHEMBL87337,CC(C)(O)c1ccccc1CC[C@@H](SCC1(CC(=O)O)CC1)c1cccc(/C=C/c2ccc3sc(Cl)c(Cl)c3n2)c1,29.0,%,F,ChEMBL
CHEMBL45482,COc1ccc(-c2ncn(C)c2-c2cc(OC)c(OC)c(OC)c2)cc1N,29.9,%,F,ChEMBL
CHEMBL45198,Cc1csc(-c2cc(-c3ccncc3)c3n(c2=O)CCCc2ccncc2-3)n1,20.0,%,F,ChEMBL
CHEMBL45198,Cc1csc(-c2cc(-c3ccncc3)c3n(c2=O)CCCc2ccncc2-3)n1,28.0,%,F,ChEMBL
CHEMBL45512,COc1ccc(-c2[nH]cnc2-c2cc(OC)c(OC)c(OC)c2)cc1N,45.0,%,F,ChEMBL
CHEMBL45848,COc1ccc(-c2ncoc2-c2cc(OC)c(OC)c(OC)c2)cc1N,0.0,%,F,ChEMBL
CHEMBL265778,O=C(O)[C@H](Cc1ccc2nc(-c3c(Cl)cccc3Cl)oc2c1)NC(=O)[C@@H]1CCN1S(=O)(=O)c1cc(Cl)cc(Cl)c1,8.0,%,F,ChEMBL
CHEMBL295356,COc1cc(-c2ncn(C)c2-c2cc(Cl)c3c(ccn3C)c2)cc(OC)c1OC,10.2,%,F,ChEMBL
CHEMBL77586,O=C(N[C@@H](Cc1ccc2oc(-c3c(Cl)cccc3Cl)nc2c1)C(=O)O)c1c(Cl)cncc1Cl,25.0,%,F,ChEMBL
CHEMBL315973,O=C(O)CC1(CS[C@H](CCc2ccccc2C2(O)CCC2)c2cccc(/C=C/c3ccc4sc(Cl)c(Cl)c4n3)c2)CC1,22.0,%,F,ChEMBL
CHEMBL22375,O=c1n(CCCC2CCCC2)nnn1-c1ccc(S(=O)(=O)Nc2ccc(CCNC[C@H](O)c3cccnc3)cc2)cc1,27.0,%,F,ChEMBL
CHEMBL22375,O=c1n(CCCC2CCCC2)nnn1-c1ccc(S(=O)(=O)Nc2ccc(CCNC[C@H](O)c3cccnc3)cc2)cc1,27.0,%,F,ChEMBL
CHEMBL344656,CC(C)c1ccc(NC(=O)N2CCC[C@H]2C(=O)N2CC[C@H]3[C@H]2[C@H](C)C(=O)N3c2nc3ccccc3s2)cc1,29.0,%,F,ChEMBL
CHEMBL76295,O=C(O)[C@H](Cc1ccc2[nH]c(-c3c(Cl)cccc3Cl)nc2c1)NC(=O)[C@@H]1CCN1S(=O)(=O)c1cc(Cl)cc(Cl)c1,0.3,%,F,ChEMBL
CHEMBL297018,COc1cc(-c2cncn2-c2ccc(N(C)C)cc2)cc(OC)c1OC,0.01,%,F,ChEMBL
CHEMBL31686,CCCCCCC[N+](CC)(CC)C/C=C\Cc1cccc(Cl)c1Cl.Cc1ccc(S(=O)(=O)[O-])cc1,12.0,%,F,ChEMBL
CHEMBL31686,CCCCCCC[N+](CC)(CC)C/C=C\Cc1cccc(Cl)c1Cl.Cc1ccc(S(=O)(=O)[O-])cc1,-3.0,%,F,ChEMBL
CHEMBL31686,CCCCCCC[N+](CC)(CC)C/C=C\Cc1cccc(Cl)c1Cl.Cc1ccc(S(=O)(=O)[O-])cc1,13.0,%,F,ChEMBL
CHEMBL38545,CC(C)(C)Sc1c(CC(C)(C)C(=O)O)n(Cc2ccc(Cl)cc2)c2ccc(OCc3nc4ccccc4s3)cc12,81.0,%,F,ChEMBL
CHEMBL172793,O=C(O)Cc1ccccc1OCCC1Oc2ccccc2N(CCCCCCF)C1=O,100.0,%,F,ChEMBL
CHEMBL95200,O=C(Nc1ccc(F)cc1)N[C@H]1C(=O)N(CC(=O)N2CCCC2)c2ccccc2N(C2CCCCCC2)C1=O,10.0,%,F,ChEMBL
CHEMBL340088,NC1CCC(CNC(=O)[C@@H]2CCCN2C(=O)CC2c3ccccc3CCc3ccccc32)CC1.O=C(O)C(F)(F)F,12.0,%,F,ChEMBL
CHEMBL285959,CCCCCCC[N+](CC)(CC)C/C=C\Cc1ccc(Cl)cc1.O=P([O-])(O)O,9.0,%,F,ChEMBL
CHEMBL285959,CCCCCCC[N+](CC)(CC)C/C=C\Cc1ccc(Cl)cc1.O=P([O-])(O)O,7.0,%,F,ChEMBL
CHEMBL285959,CCCCCCC[N+](CC)(CC)C/C=C\Cc1ccc(Cl)cc1.O=P([O-])(O)O,6.0,%,F,ChEMBL
CHEMBL285959,CCCCCCC[N+](CC)(CC)C/C=C\Cc1ccc(Cl)cc1.O=P([O-])(O)O,-25.0,%,F,ChEMBL
CHEMBL285959,CCCCCCC[N+](CC)(CC)C/C=C\Cc1ccc(Cl)cc1.O=P([O-])(O)O,-5.0,%,F,ChEMBL
CHEMBL285959,CCCCCCC[N+](CC)(CC)C/C=C\Cc1ccc(Cl)cc1.O=P([O-])(O)O,-4.0,%,F,ChEMBL
CHEMBL285959,CCCCCCC[N+](CC)(CC)C/C=C\Cc1ccc(Cl)cc1.O=P([O-])(O)O,6.0,%,F,ChEMBL
CHEMBL285959,CCCCCCC[N+](CC)(CC)C/C=C\Cc1ccc(Cl)cc1.O=P([O-])(O)O,-4.0,%,F,ChEMBL
CHEMBL285959,CCCCCCC[N+](CC)(CC)C/C=C\Cc1ccc(Cl)cc1.O=P([O-])(O)O,4.0,%,F,ChEMBL
CHEMBL177395,CCCCCCN1C(=O)C(CCOc2ccccc2CC(=O)O)Oc2ccccc21,115.0,%,F,ChEMBL
CHEMBL177755,C/C(CCCCN1C(=O)C(CCOc2ccccc2CC(=O)O)Oc2ccccc21)=N\O,16.0,%,F,ChEMBL
CHEMBL413965,O=C(O)Cc1ccc(-c2ccccc2)cc1,18.1,%,F,ChEMBL
CHEMBL415690,OC[C@H]1O[C@@H]2O[C@H]3[C@H](O)[C@@H](O)[C@@H](O[C@H]4[C@H](O)[C@@H](O)[C@@H](O[C@H]5[C@H](O)[C@@H](O)[C@@H](O[C@H]6[C@H](O)[C@@H](O)[C@@H](O[C@H]7[C@H](O)[C@@H](O)[C@@H](O[C@H]8[C@H](O)[C@@H](O)[C@@H](O[C@H]1[C@H](O)[C@H]2O)O[C@@H]8CO)O[C@@H]7CO)O[C@@H]6CO)O[C@@H]5CO)O[C@@H]4CO)O[C@@H]3CO,34.0,%,F,ChEMBL
CHEMBL421575,O=C(Nc1ccc(F)cc1)NC1C(=O)N(CC(=O)N2CCCC2)c2ccccc2N(c2ccccc2F)C1=O,68.0,%,F,ChEMBL
CHEMBL56375,C[C@]1(O)C(=O)N(CCCN2CCN(c3ccc(F)cc3OCC(F)(F)F)CC2)C(=O)N[C@H]1O,100.0,%,F,ChEMBL
CHEMBL56375,C[C@]1(O)C(=O)N(CCCN2CCN(c3ccc(F)cc3OCC(F)(F)F)CC2)C(=O)N[C@H]1O,111.0,%,F,ChEMBL
CHEMBL134320,O=C(NC[C@H]1CN(c2ccc(C3CC[S+]([O-])CC3)c(F)c2)C(=O)O1)C(F)F,77.1,%,F,ChEMBL
CHEMBL134320,O=C(NC[C@H]1CN(c2ccc(C3CC[S+]([O-])CC3)c(F)c2)C(=O)O1)C(F)F,95.1,%,F,ChEMBL
CHEMBL134320,O=C(NC[C@H]1CN(c2ccc(C3CC[S+]([O-])CC3)c(F)c2)C(=O)O1)C(F)F,85.7,%,F,ChEMBL
CHEMBL79463,COC(=O)N[C@H](C(=O)N1CCC[C@H]1C(=O)N[C@H](C(=O)C(F)(F)F)C(C)C)C(C)C,75.0,%,F,ChEMBL
CHEMBL79463,COC(=O)N[C@H](C(=O)N1CCC[C@H]1C(=O)N[C@H](C(=O)C(F)(F)F)C(C)C)C(C)C,84.0,%,F,ChEMBL
CHEMBL79463,COC(=O)N[C@H](C(=O)N1CCC[C@H]1C(=O)N[C@H](C(=O)C(F)(F)F)C(C)C)C(C)C,70.0,%,F,ChEMBL
CHEMBL31434,CCCCCCC[N+](CC)(CC)C/C=C/Cc1ccc(Cl)cc1.Cc1ccc(S(=O)(=O)[O-])cc1,12.0,%,F,ChEMBL
CHEMBL31434,CCCCCCC[N+](CC)(CC)C/C=C/Cc1ccc(Cl)cc1.Cc1ccc(S(=O)(=O)[O-])cc1,6.0,%,F,ChEMBL
CHEMBL31434,CCCCCCC[N+](CC)(CC)C/C=C/Cc1ccc(Cl)cc1.Cc1ccc(S(=O)(=O)[O-])cc1,13.0,%,F,ChEMBL
CHEMBL31434,CCCCCCC[N+](CC)(CC)C/C=C/Cc1ccc(Cl)cc1.Cc1ccc(S(=O)(=O)[O-])cc1,-21.0,%,F,ChEMBL
CHEMBL31434,CCCCCCC[N+](CC)(CC)C/C=C/Cc1ccc(Cl)cc1.Cc1ccc(S(=O)(=O)[O-])cc1,11.0,%,F,ChEMBL
CHEMBL31434,CCCCCCC[N+](CC)(CC)C/C=C/Cc1ccc(Cl)cc1.Cc1ccc(S(=O)(=O)[O-])cc1,19.0,%,F,ChEMBL
CHEMBL2303715,O=C(Cc1ccc(-c2ccccc2)cc1)OC[C@@H]1O[C@@H]2O[C@H]3[C@H](O)[C@H](O)[C@@H](O[C@H]4[C@H](O)[C@H](O)[C@@H](O[C@H]5[C@H](O)[C@H](O)[C@@H](O[C@H]6[C@H](O)[C@H](O)[C@@H](O[C@H]7[C@H](O)[C@H](O)[C@@H](O[C@H]8[C@H](O)[C@H](O)[C@@H](O[C@H]9[C@H](O)[C@H](O)[C@@H](O[C@H]1[C@H](O)[C@@H]2O)O[C@H]9CO)O[C@H]8CO)O[C@H]7CO)O[C@H]6CO)O[C@H]5CO)O[C@H]4CO)O[C@H]3CO,89.3,%,F,ChEMBL
CHEMBL355586,O=C(O)Cc1ccccc1OCC[C@H]1Oc2ccccc2N(CCCCCCF)C1=O,39.0,%,F,ChEMBL
CHEMBL2303714,O=C(Cc1ccc(-c2ccccc2)cc1)OC[C@@H]1O[C@@H]2O[C@H]3[C@H](O)[C@H](O)[C@@H](O[C@H]4[C@H](O)[C@H](O)[C@@H](O[C@H]5[C@H](O)[C@H](O)[C@@H](O[C@H]6[C@H](O)[C@H](O)[C@@H](O[C@H]7[C@H](O)[C@H](O)[C@@H](O[C@H]8[C@H](O)[C@H](O)[C@@H](O[C@H]1[C@H](O)[C@@H]2O)O[C@H]8CO)O[C@H]7CO)O[C@H]6CO)O[C@H]5CO)O[C@H]4CO)O[C@H]3CO,5.9,%,F,ChEMBL
CHEMBL55210,COc1ccc(C(=O)N[C@H](C(=O)N2CCC[C@H]2C(=O)N[C@H](C(=O)C(F)(F)F)C(C)C)C(C)C)cc1,26.0,%,F,ChEMBL
CHEMBL55210,COc1ccc(C(=O)N[C@H](C(=O)N2CCC[C@H]2C(=O)N[C@H](C(=O)C(F)(F)F)C(C)C)C(C)C)cc1,82.0,%,F,ChEMBL
CHEMBL55210,COc1ccc(C(=O)N[C@H](C(=O)N2CCC[C@H]2C(=O)N[C@H](C(=O)C(F)(F)F)C(C)C)C(C)C)cc1,39.0,%,F,ChEMBL
CHEMBL31482,C[N+](C)(C)C/C=C\Cc1ccc(Cl)cc1.[Cl-],5.0,%,F,ChEMBL
CHEMBL31482,C[N+](C)(C)C/C=C\Cc1ccc(Cl)cc1.[Cl-],7.0,%,F,ChEMBL
CHEMBL31482,C[N+](C)(C)C/C=C\Cc1ccc(Cl)cc1.[Cl-],-13.0,%,F,ChEMBL
CHEMBL31482,C[N+](C)(C)C/C=C\Cc1ccc(Cl)cc1.[Cl-],10.0,%,F,ChEMBL
CHEMBL31482,C[N+](C)(C)C/C=C\Cc1ccc(Cl)cc1.[Cl-],-8.0,%,F,ChEMBL
CHEMBL31482,C[N+](C)(C)C/C=C\Cc1ccc(Cl)cc1.[Cl-],7.0,%,F,ChEMBL
CHEMBL31482,C[N+](C)(C)C/C=C\Cc1ccc(Cl)cc1.[Cl-],8.0,%,F,ChEMBL
CHEMBL289751,CC(C)(C)Sc1c(CC(C)(C)C(=O)O)n(Cc2ccc(Cl)cc2)c2ccc(OCc3cscn3)cc12,98.0,%,F,ChEMBL
CHEMBL360230,CC(=O)CCCCN1C(=O)C(CCOc2ccccc2CC(=O)O)Oc2ccccc21,27.0,%,F,ChEMBL
CHEMBL333238,NC1CCC(CNC(=O)[C@@H]2CCCN2C(=O)CC(c2ccccc2)c2cccnc2)CC1.O=C(O)C(F)(F)F,8.0,%,F,ChEMBL
CHEMBL32510,CCCCCCC[N+](CC)(CC)CCCCc1ccc(Cl)cc1.O=P([O-])(O)O,10.0,%,F,ChEMBL
CHEMBL32510,CCCCCCC[N+](CC)(CC)CCCCc1ccc(Cl)cc1.O=P([O-])(O)O,1.0,%,F,ChEMBL
CHEMBL32510,CCCCCCC[N+](CC)(CC)CCCCc1ccc(Cl)cc1.O=P([O-])(O)O,4.0,%,F,ChEMBL
CHEMBL32510,CCCCCCC[N+](CC)(CC)CCCCc1ccc(Cl)cc1.O=P([O-])(O)O,-9.0,%,F,ChEMBL
CHEMBL32510,CCCCCCC[N+](CC)(CC)CCCCc1ccc(Cl)cc1.O=P([O-])(O)O,-2.0,%,F,ChEMBL
CHEMBL32510,CCCCCCC[N+](CC)(CC)CCCCc1ccc(Cl)cc1.O=P([O-])(O)O,-1.0,%,F,ChEMBL
CHEMBL32510,CCCCCCC[N+](CC)(CC)CCCCc1ccc(Cl)cc1.O=P([O-])(O)O,-7.0,%,F,ChEMBL
CHEMBL32510,CCCCCCC[N+](CC)(CC)CCCCc1ccc(Cl)cc1.O=P([O-])(O)O,-2.0,%,F,ChEMBL
CHEMBL32510,CCCCCCC[N+](CC)(CC)CCCCc1ccc(Cl)cc1.O=P([O-])(O)O,-3.0,%,F,ChEMBL
CHEMBL327250,COc1ccc(-n2nnnc2C(F)(F)F)cc1[C@H]1COC2(CCCNC2c2ccccc2)C1,16.0,%,F,ChEMBL
CHEMBL327250,COc1ccc(-n2nnnc2C(F)(F)F)cc1[C@H]1COC2(CCCNC2c2ccccc2)C1,79.0,%,F,ChEMBL
CHEMBL320624,O=C(Nc1ccc(F)cc1)NC1C(=O)N(CC(=O)N2CC3CCC(CC3)C2)c2ccccc2N(c2ccccc2F)C1=O,7.0,%,F,ChEMBL
CHEMBL24777,Cc1c[nH]c(=O)n(CCCN2CCN(c3ccc(F)cc3OCC(F)(F)F)CC2)c1=O,100.0,%,F,ChEMBL
CHEMBL24777,Cc1c[nH]c(=O)n(CCCN2CCN(c3ccc(F)cc3OCC(F)(F)F)CC2)c1=O,78.0,%,F,ChEMBL
CHEMBL1626990,CCN(CC)C/C(C)=C(/C)Cc1ccc([N-]S(C)(=O)=O)cc1.[Na+],11.0,%,F,ChEMBL
CHEMBL1626990,CCN(CC)C/C(C)=C(/C)Cc1ccc([N-]S(C)(=O)=O)cc1.[Na+],2.0,%,F,ChEMBL
CHEMBL1626990,CCN(CC)C/C(C)=C(/C)Cc1ccc([N-]S(C)(=O)=O)cc1.[Na+],8.0,%,F,ChEMBL
CHEMBL1626990,CCN(CC)C/C(C)=C(/C)Cc1ccc([N-]S(C)(=O)=O)cc1.[Na+],-16.0,%,F,ChEMBL
CHEMBL1626990,CCN(CC)C/C(C)=C(/C)Cc1ccc([N-]S(C)(=O)=O)cc1.[Na+],-3.0,%,F,ChEMBL
CHEMBL1626990,CCN(CC)C/C(C)=C(/C)Cc1ccc([N-]S(C)(=O)=O)cc1.[Na+],-13.0,%,F,ChEMBL
CHEMBL1626990,CCN(CC)C/C(C)=C(/C)Cc1ccc([N-]S(C)(=O)=O)cc1.[Na+],2.0,%,F,ChEMBL
CHEMBL1626990,CCN(CC)C/C(C)=C(/C)Cc1ccc([N-]S(C)(=O)=O)cc1.[Na+],9.0,%,F,ChEMBL
CHEMBL1626990,CCN(CC)C/C(C)=C(/C)Cc1ccc([N-]S(C)(=O)=O)cc1.[Na+],14.0,%,F,ChEMBL
CHEMBL16596,CC(C)(C)Sc1c(CC(C)(C)C(=O)O)n(Cc2ccc(Cl)cc2)c2ccc(OCc3ccc4ccccc4n3)cc12,24.0,%,F,ChEMBL
CHEMBL554234,CCN(CC)C/C=C\Cc1ccc([N+](=O)[O-])cc1.Cl,10.0,%,F,ChEMBL
CHEMBL554234,CCN(CC)C/C=C\Cc1ccc([N+](=O)[O-])cc1.Cl,14.0,%,F,ChEMBL
CHEMBL554234,CCN(CC)C/C=C\Cc1ccc([N+](=O)[O-])cc1.Cl,-16.0,%,F,ChEMBL
CHEMBL554234,CCN(CC)C/C=C\Cc1ccc([N+](=O)[O-])cc1.Cl,-11.0,%,F,ChEMBL
CHEMBL554234,CCN(CC)C/C=C\Cc1ccc([N+](=O)[O-])cc1.Cl,-6.0,%,F,ChEMBL
CHEMBL554234,CCN(CC)C/C=C\Cc1ccc([N+](=O)[O-])cc1.Cl,10.0,%,F,ChEMBL
CHEMBL177454,CCCCCCN1C(=O)[C@@H](CCOc2ccccc2CC(=O)O)Oc2ccccc21,95.0,%,F,ChEMBL
CHEMBL555333,Cl.NC1CCC(CNC(=O)[C@@H]2CCCN2C(=O)CC(C2CCCCC2)C2CCCCC2)CC1,56.0,%,F,ChEMBL
CHEMBL553994,CCN(CC)C/C(C)=C(/C)Cc1ccc([N+](=O)[O-])cc1.Cl,11.0,%,F,ChEMBL
CHEMBL553994,CCN(CC)C/C(C)=C(/C)Cc1ccc([N+](=O)[O-])cc1.Cl,19.0,%,F,ChEMBL
CHEMBL553994,CCN(CC)C/C(C)=C(/C)Cc1ccc([N+](=O)[O-])cc1.Cl,-5.0,%,F,ChEMBL
CHEMBL553994,CCN(CC)C/C(C)=C(/C)Cc1ccc([N+](=O)[O-])cc1.Cl,-10.0,%,F,ChEMBL
CHEMBL553994,CCN(CC)C/C(C)=C(/C)Cc1ccc([N+](=O)[O-])cc1.Cl,19.0,%,F,ChEMBL
CHEMBL553994,CCN(CC)C/C(C)=C(/C)Cc1ccc([N+](=O)[O-])cc1.Cl,9.0,%,F,ChEMBL
CHEMBL82760,Cc1nc(COc2ccc3c(c2)c(SC(C)(C)C)c(CC(C)(C)C(=O)O)n3Cc2ccc(Cl)cc2)cs1,98.0,%,F,ChEMBL
CHEMBL555753,Cl.NC1CCC(CNC(=O)[C@@H]2CCCN2C(=O)CC2c3ccccc3C=Cc3ccccc32)CC1,51.0,%,F,ChEMBL
CHEMBL320141,O=C(Nc1ccc(F)cc1)N[C@H]1C(=O)N(CC(=O)N2CCCC2)c2ccccc2N(C2CCCCC2)C1=O,23.0,%,F,ChEMBL
CHEMBL286688,CCCCCCC[N+](CC)(CC)C/C=C\Cc1ccccc1Cl.[Cl-],5.0,%,F,ChEMBL
CHEMBL286688,CCCCCCC[N+](CC)(CC)C/C=C\Cc1ccccc1Cl.[Cl-],9.0,%,F,ChEMBL
CHEMBL286688,CCCCCCC[N+](CC)(CC)C/C=C\Cc1ccccc1Cl.[Cl-],-2.0,%,F,ChEMBL
CHEMBL286688,CCCCCCC[N+](CC)(CC)C/C=C\Cc1ccccc1Cl.[Cl-],-1.0,%,F,ChEMBL
CHEMBL286688,CCCCCCC[N+](CC)(CC)C/C=C\Cc1ccccc1Cl.[Cl-],6.0,%,F,ChEMBL
CHEMBL286688,CCCCCCC[N+](CC)(CC)C/C=C\Cc1ccccc1Cl.[Cl-],8.0,%,F,ChEMBL
CHEMBL440375,O=C(O)Cc1ccccc1OCCC1Oc2ccccc2N(CCCCCCO)C1=O,4.0,%,F,ChEMBL
CHEMBL38958,CC(C)(C)Sc1c(CC(C)(C)C(=O)O)n(Cc2ccc(Cl)cc2)c2ccc(OCc3ccccn3)cc12,48.0,%,F,ChEMBL
CHEMBL78938,CC(Oc1ccc2c(c1)c(SC(C)(C)C)c(CC(C)(C)C(=O)O)n2Cc1ccc(Cl)cc1)c1ccc2ccccc2n1,48.0,%,F,ChEMBL
CHEMBL2114162,C[C@@H](COc1ccc2c(c1)c(SC(C)(C)C)c(CC(C)(C)C(=O)O)n2Cc1ccc(Cl)cc1)c1ccccn1,60.0,%,F,ChEMBL
CHEMBL39617,CC(C)(C)Sc1c(CC(C)(C)C(=O)O)n(Cc2ccc(Cl)cc2)c2ccc(OCc3cccc(Cl)n3)cc12,37.0,%,F,ChEMBL
CHEMBL175589,O=C(O)Cc1ccccc1OCCC1Oc2ccccc2N(CCCCCCCO)C1=O,13.0,%,F,ChEMBL
CHEMBL2303713,O=C(Cc1ccc(-c2ccccc2)cc1)OC[C@@H]1O[C@@H]2O[C@H]3[C@H](O)[C@H](O)[C@@H](O[C@H]4[C@H](O)[C@H](O)[C@@H](O[C@H]5[C@H](O)[C@H](O)[C@@H](O[C@H]6[C@H](O)[C@H](O)[C@H](O[C@H]7[C@H](O)[C@H](O)[C@@H](O[C@H]1[C@H](O)[C@@H]2O)O[C@H]7CO)O[C@H]6CO)O[C@H]5CO)O[C@H]4CO)O[C@H]3CO,64.3,%,F,ChEMBL
CHEMBL174639,COCCCCN1C(=O)[C@@H](CCOc2ccccc2CC(=O)O)Oc2ccccc21,41.0,%,F,ChEMBL
CHEMBL30502,CCCCCCC[N+](CC)(CC)C/C=C\Cc1ccc(Br)cc1.O=P([O-])(O)O,26.0,%,F,ChEMBL
CHEMBL30502,CCCCCCC[N+](CC)(CC)C/C=C\Cc1ccc(Br)cc1.O=P([O-])(O)O,4.0,%,F,ChEMBL
CHEMBL30502,CCCCCCC[N+](CC)(CC)C/C=C\Cc1ccc(Br)cc1.O=P([O-])(O)O,-21.0,%,F,ChEMBL
CHEMBL30502,CCCCCCC[N+](CC)(CC)C/C=C\Cc1ccc(Br)cc1.O=P([O-])(O)O,3.0,%,F,ChEMBL
CHEMBL30502,CCCCCCC[N+](CC)(CC)C/C=C\Cc1ccc(Br)cc1.O=P([O-])(O)O,-13.0,%,F,ChEMBL
CHEMBL30502,CCCCCCC[N+](CC)(CC)C/C=C\Cc1ccc(Br)cc1.O=P([O-])(O)O,30.0,%,F,ChEMBL
CHEMBL122894,NC1CCC(CNC(=O)[C@@H]2CCCN2C(=O)CC(c2ccccc2)c2ccccc2)CC1.O=C(O)C(F)(F)F,10.0,%,F,ChEMBL
CHEMBL122894,NC1CCC(CNC(=O)[C@@H]2CCCN2C(=O)CC(c2ccccc2)c2ccccc2)CC1.O=C(O)C(F)(F)F,58.0,%,F,ChEMBL
CHEMBL122894,NC1CCC(CNC(=O)[C@@H]2CCCN2C(=O)CC(c2ccccc2)c2ccccc2)CC1.O=C(O)C(F)(F)F,10.0,%,F,ChEMBL
CHEMBL122894,NC1CCC(CNC(=O)[C@@H]2CCCN2C(=O)CC(c2ccccc2)c2ccccc2)CC1.O=C(O)C(F)(F)F,58.0,%,F,ChEMBL
CHEMBL31820,CC[N+](CC)(CC)CC#CCc1ccc(Cl)cc1.[I-],8.0,%,F,ChEMBL
CHEMBL31820,CC[N+](CC)(CC)CC#CCc1ccc(Cl)cc1.[I-],15.0,%,F,ChEMBL
CHEMBL31820,CC[N+](CC)(CC)CC#CCc1ccc(Cl)cc1.[I-],-19.0,%,F,ChEMBL
CHEMBL31820,CC[N+](CC)(CC)CC#CCc1ccc(Cl)cc1.[I-],-24.0,%,F,ChEMBL
CHEMBL31820,CC[N+](CC)(CC)CC#CCc1ccc(Cl)cc1.[I-],27.0,%,F,ChEMBL
CHEMBL31820,CC[N+](CC)(CC)CC#CCc1ccc(Cl)cc1.[I-],11.0,%,F,ChEMBL
CHEMBL278751,CCCN(CCC)[C@@H]1CCc2c(OC)cccc2[C@@H]1C,3.7,%,F,ChEMBL
CHEMBL161811,CCCN(CCC)[C@@H]1CCc2c(OS(=O)(=O)C(F)(F)F)cccc2[C@@H]1C,9.4,%,F,ChEMBL
CHEMBL294855,Nc1ncnc2c1ncn2CCOCP(=O)(O)OCC(Cl)(Cl)Cl,2.5,%,F,ChEMBL
CHEMBL922,CC(C)(C)C(=O)OCOP(=O)(COCCn1cnc2c(N)ncnc21)OCOC(=O)C(C)(C)C,17.3,%,F,ChEMBL
CHEMBL85231,CN(C)CC(Oc1ccccc1)Oc1ccccc1,49.0,%,F,ChEMBL
CHEMBL1423,O=c1[nH]c2ccccc2n1C1CCN(CCCC(c2ccc(F)cc2)c2ccc(F)cc2)CC1,49.0,%,F,ChEMBL
CHEMBL819,Cc1onc(-c2ccccc2)c1C(=O)N[C@@H]1C(=O)N2[C@@H]1SC(C)(C)[C@@H]2C(=O)O,49.0,%,F,ChEMBL
CHEMBL330863,COc1cc2c(N3CCN(C(=O)Nc4ccc(OC(C)C)cc4)CC3)ncnc2cc1OCCCN1CCC(C)CC1,24.6,%,F,ChEMBL
CHEMBL330863,COc1cc2c(N3CCN(C(=O)Nc4ccc(OC(C)C)cc4)CC3)ncnc2cc1OCCCN1CCC(C)CC1,65.1,%,F,ChEMBL
CHEMBL330863,COc1cc2c(N3CCN(C(=O)Nc4ccc(OC(C)C)cc4)CC3)ncnc2cc1OCCCN1CCC(C)CC1,40.0,%,F,ChEMBL
CHEMBL322132,CC1(C)OC(=O)C(Oc2cccc(F)c2)=C1c1ccc(S(C)(=O)=O)cc1,14.0,%,F,ChEMBL
CHEMBL17626,N=C(N)N1CCC(CNC(=O)[C@@H]2CC[C@H]3CN(S(=O)(=O)CC(c4ccccc4)c4ccccc4)CC(=O)N32)CC1,2.2,%,F,ChEMBL
CHEMBL54428,CCN(CC)C(=O)COP(=O)(O)COCCn1cnc2c(N)ncnc21,3.5,%,F,ChEMBL
CHEMBL661,Cc1nnc2n1-c1ccc(Cl)cc1C(c1ccccc1)=NC2,49.0,%,F,ChEMBL
CHEMBL691,C#C[C@]1(O)CC[C@H]2[C@@H]3CCc4cc(O)ccc4[C@H]3CC[C@@]21C,49.0,%,F,ChEMBL
CHEMBL38,CC1=C(/C=C/C(C)=C/C=C/C(C)=C/C(=O)O)C(C)(C)CCC1,49.0,%,F,ChEMBL
CHEMBL290960,CC1CS(=O)(=O)CCN1/N=C/c1ccc([N+](=O)[O-])o1,79.0,%,F,ChEMBL
CHEMBL72,CNCCCN1c2ccccc2CCc2ccccc21,49.0,%,F,ChEMBL
CHEMBL34259,CN(Cc1cnc2nc(N)nc(N)c2n1)c1ccc(C(=O)N[C@@H](CCC(=O)O)C(=O)O)cc1,79.0,%,F,ChEMBL
CHEMBL484,Nc1ncnc2c1ncn2CCOCP(=O)(O)O,7.8,%,F,ChEMBL
CHEMBL484,Nc1ncnc2c1ncn2CCOCP(=O)(O)O,11.0,%,F,ChEMBL
CHEMBL505,CN(C)CCC(c1ccc(Cl)cc1)c1ccccn1,79.0,%,F,ChEMBL
CHEMBL72621,N=C(N)c1cccc(OC(C(=O)Nc2ccc(-c3ccccc3S(N)(=O)=O)cc2)c2ccccc2)c1,5.0,%,F,ChEMBL
CHEMBL17248,N/C(=N/O)N1CCC(CNC(=O)[C@@H]2CC[C@H]3CN(S(=O)(=O)CC(c4ccccc4)c4ccccc4)CC(=O)N32)CC1,0.7,%,F,ChEMBL
CHEMBL54319,CC(=O)OCC(=O)COC(C)=O,5.8,%,F,ChEMBL
CHEMBL646,Cc1nnc2n1-c1ccc(Cl)cc1C(c1ccccc1Cl)=NC2,49.0,%,F,ChEMBL
CHEMBL139,O=C(O)Cc1ccccc1Nc1c(Cl)cccc1Cl,79.0,%,F,ChEMBL
CHEMBL86304,O=C(NCCN1CCOCC1)c1ccc(Cl)cc1,79.0,%,F,ChEMBL
CHEMBL314010,COc1ccc(CCNCC(O)COc2cccc(C)c2)cc1OC,79.0,%,F,ChEMBL
CHEMBL1294,C=C[C@H]1CN2CC[C@H]1C[C@@H]2[C@@H](O)c1ccnc2ccc(OC)cc12,79.0,%,F,ChEMBL
CHEMBL275428,N[C@H]1CC[C@H](CNC(=O)[C@@H]2CC[C@H]3CN(S(=O)(=O)CC(c4ccccc4)c4ccccc4)CC(=O)N32)CC1,1.5,%,F,ChEMBL
CHEMBL63041,C/C(=C(\F)C(=O)Nc1ccc(-c2ccccc2S(N)(=O)=O)cc1Cl)c1ccc2ccnc(N)c2c1,35.1,%,F,ChEMBL
CHEMBL298824,CC(C)OP(=O)(O)COCCn1cnc2c(N)ncnc21,5.0,%,F,ChEMBL
CHEMBL54393,CC(C)(C)C(=O)OCOP(=O)(O)COCCn1cnc2c(N)ncnc21,6.5,%,F,ChEMBL
CHEMBL86882,CCNCC(O)c1cccc(O)c1,49.0,%,F,ChEMBL
CHEMBL434,CC(C)NCC(O)c1ccc(O)c(O)c1,49.0,%,F,ChEMBL
CHEMBL42,CN1CCN(C2=Nc3cc(Cl)ccc3Nc3ccccc32)CC1,79.0,%,F,ChEMBL
CHEMBL384467,C[C@@H]1C[C@H]2[C@@H]3CCC4=CC(=O)C=C[C@]4(C)[C@@]3(F)[C@@H](O)C[C@]2(C)[C@@]1(O)C(=O)CO,79.0,%,F,ChEMBL
CHEMBL445,CNCCC=C1c2ccccc2CCc2ccccc21,79.0,%,F,ChEMBL
CHEMBL628,CC(=O)CCCCn1c(=O)c2c(ncn2C)n(C)c1=O,49.0,%,F,ChEMBL
CHEMBL1393,CC(=O)S[C@@H]1CC2=CC(=O)CC[C@]2(C)[C@H]2CC[C@@]3(C)[C@@H](CC[C@@]34CCC(=O)O4)[C@H]12,49.0,%,F,ChEMBL
CHEMBL945,N=C(N)NC(=O)c1nc(Cl)c(N)nc1N,79.0,%,F,ChEMBL
CHEMBL1075,CCOC(=O)Nc1ccc2c(c1)N(C(=O)CCN1CCOCC1)c1ccccc1S2,49.0,%,F,ChEMBL
CHEMBL30,CN/C(=N\CCSCc1nc[nH]c1C)NC#N,79.0,%,F,ChEMBL
CHEMBL32479,Cc1nnc2n1-c1sc(Br)cc1C(c1ccccc1Cl)=NC2,79.0,%,F,ChEMBL
CHEMBL331771,N=C(N)c1ccc(CNC(=O)[C@@H]2CCCN2C(=O)[C@H](NS(N)(=O)=O)C(c2ccccc2)c2ccccc2)cc1,8.0,%,F,ChEMBL
CHEMBL17735,N=C(N)[C@H]1CC[C@H](CNC(=O)[C@@H]2CC[C@H]3CN(S(=O)(=O)C(c4ccccc4)c4ccccc4)CC(=O)N32)CC1,0.1,%,F,ChEMBL
CHEMBL52614,CCC(=O)OCOP(=O)(COCCn1cnc2c(N)ncnc21)OCOC(=O)CC,15.4,%,F,ChEMBL
CHEMBL11,CN(C)CCCN1c2ccccc2CCc2ccccc21,49.0,%,F,ChEMBL
CHEMBL4743867,OCCN1CCN(CCC=C2c3ccccc3Sc3ccc(C(F)(F)F)cc32)CC1,79.0,%,F,ChEMBL
CHEMBL435,NS(=O)(=O)c1cc2c(cc1Cl)NCNS2(=O)=O,79.0,%,F,ChEMBL
CHEMBL27,CC(C)NCC(O)COc1cccc2ccccc12,49.0,%,F,ChEMBL
CHEMBL24,CC(C)NCC(O)COc1ccc(CC(N)=O)cc1,79.0,%,F,ChEMBL
CHEMBL1008,CC(C)COCC(CN(Cc1ccccc1)c1ccccc1)N1CCCC1,79.0,%,F,ChEMBL
CHEMBL45816,COCC(=O)O[C@]1(CCN(C)CCCc2nc3ccccc3[nH]2)CCc2cc(F)ccc2[C@@H]1C(C)C,79.0,%,F,ChEMBL
CHEMBL124660,COc1cc2c(N3CCN(C(=O)Nc4ccc(OC(C)C)cc4)CC3)ncnc2cc1OCCCN1CCCCC1,23.8,%,F,ChEMBL
CHEMBL124660,COc1cc2c(N3CCN(C(=O)Nc4ccc(OC(C)C)cc4)CC3)ncnc2cc1OCCCN1CCCCC1,97.6,%,F,ChEMBL
CHEMBL124660,COc1cc2c(N3CCN(C(=O)Nc4ccc(OC(C)C)cc4)CC3)ncnc2cc1OCCCN1CCCCC1,48.9,%,F,ChEMBL
CHEMBL114438,Cc1cc(C)cc(-c2[nH]c3ccc(C(C)(C)C(=O)N4CC5CCC4CC5)cc3c2[C@H](C)CNCCc2ccnc(C)c2)c1,36.0,%,F,ChEMBL
CHEMBL6437,CN1CCN2c3ccccc3Cc3ccccc3C2C1,49.0,%,F,ChEMBL
CHEMBL315499,CC(C)(C)NC(=O)C1CC[C@H]2[C@]3(C)CC[C@H]4NC(=O)C=C[C@]4(C)[C@H]3CC[C@]12C,79.0,%,F,ChEMBL
CHEMBL3,CN1CCC[C@H]1c1cccnc1,49.0,%,F,ChEMBL
CHEMBL567,OCCN1CCN(CCCN2c3ccccc3Sc3ccc(Cl)cc32)CC1,79.0,%,F,ChEMBL
CHEMBL1237044,COc1cccc(C2(O)CCCCC2CN(C)C)c1,79.0,%,F,ChEMBL
CHEMBL54999,Nc1ncnc2c1ncn2CCOCP(=O)(OCc1ccc([N+](=O)[O-])cc1)OCc1ccc([N+](=O)[O-])cc1,1.7,%,F,ChEMBL
CHEMBL53282,CC(C)C(=O)OCOP(=O)(COCCn1cnc2c(N)ncnc21)OCOC(=O)C(C)C,14.6,%,F,ChEMBL
CHEMBL44884,CC[C@@H](CO)NCCN[C@@H](CC)CO,79.0,%,F,ChEMBL
CHEMBL1079,Clc1ccc2nsnc2c1NC1=NCCN1,49.0,%,F,ChEMBL
CHEMBL63088,C/C(=C(\F)C(=O)Nc1ccc(-c2ccccc2S(N)(=O)=O)cc1Br)c1ccc2ccnc(N)c2c1,30.1,%,F,ChEMBL
CHEMBL63088,C/C(=C(\F)C(=O)Nc1ccc(-c2ccccc2S(N)(=O)=O)cc1Br)c1ccc2ccnc(N)c2c1,33.1,%,F,ChEMBL
CHEMBL54330,Nc1ncnc2c1ncn2CCOCP(=O)(OCC(Cl)(Cl)Cl)OCC(Cl)(Cl)Cl,10.6,%,F,ChEMBL
CHEMBL1201257,CNCCC[C@]12CC[C@H](c3ccccc31)c1ccccc12,79.0,%,F,ChEMBL
CHEMBL707,COc1cc2nc(N3CCN(C(=O)C4COc5ccccc5O4)CC3)nc(N)c2cc1OC,79.0,%,F,ChEMBL
CHEMBL723,COc1ccccc1OCCNCC(O)COc1cccc2[nH]c3ccccc3c12,49.0,%,F,ChEMBL
CHEMBL744,Nc1nc2ccc(OC(F)(F)F)cc2s1,79.0,%,F,ChEMBL
CHEMBL50028,CN(Cc1cccc(N)n1)C(=O)c1ccc2c(c1)CN(C)C(=O)[C@H](CC(=O)O)N2,16.0,%,F,ChEMBL
CHEMBL50028,CN(Cc1cccc(N)n1)C(=O)c1ccc2c(c1)CN(C)C(=O)[C@H](CC(=O)O)N2,10.0,%,F,ChEMBL
CHEMBL61951,CNC(=N)c1cccc(/C(C)=C(/F)C(=O)Nc2ccc(-c3ccncc3S(N)(=O)=O)cc2)c1,0.4,%,F,ChEMBL
CHEMBL294022,CC1(C)CNP(=O)(COCCn2cnc3c(N)ncnc32)NC1,5.8,%,F,ChEMBL
CHEMBL300693,CC(C)(CO)COCP(=O)(O)OCCn1cnc2c(N)ncnc21,0.0,%,F,ChEMBL
CHEMBL560,CC(C)=CCN1CC[C@@]2(C)c3cc(O)ccc3C[C@@H]1[C@@H]2C,49.0,%,F,ChEMBL
CHEMBL506,COc1cc(NC(C)CCCN)c2ncccc2c1,79.0,%,F,ChEMBL
CHEMBL315838,COc1ccc(C(=O)Nc2ccccc2CCC2CCCCN2C)cc1,49.0,%,F,ChEMBL
CHEMBL521606,CC(C)(C)NCC(O)COc1cccc2c1CC(O)C(O)C2,49.0,%,F,ChEMBL
CHEMBL1443,CCOc1ccc2ccccc2c1C(=O)N[C@@H]1C(=O)N2[C@@H]1SC(C)(C)[C@@H]2C(=O)O,49.0,%,F,ChEMBL
CHEMBL87418,CC(C)(C)NC[C@@H](O)COc1ccccc1C1CCCC1,79.0,%,F,ChEMBL
CHEMBL499,CC(C)(C)NC[C@H](O)COc1nsnc1N1CCOCC1,79.0,%,F,ChEMBL
CHEMBL2,COc1cc2nc(N3CCN(C(=O)c4ccco4)CC3)nc(N)c2cc1OC,79.0,%,F,ChEMBL
CHEMBL297727,CC(C)OP(=O)(COCCn1cnc2c(N)ncnc21)OC(C)C,44.4,%,F,ChEMBL
CHEMBL1162,C#C[C@]1(O)CC[C@H]2[C@@H]3CCC4=CC(=O)CC[C@@H]4[C@H]3CC[C@@]21C,79.0,%,F,ChEMBL
CHEMBL79,CCN(CC)CC(=O)Nc1c(C)cccc1C,49.0,%,F,ChEMBL
CHEMBL655,Cc1ncc2n1-c1ccc(Cl)cc1C(c1ccccc1F)=NC2,49.0,%,F,ChEMBL
CHEMBL16332,C[C@H](CS)C(=O)N1C[C@@H](Sc2ccccc2)C[C@H]1C(=O)O,79.0,%,F,ChEMBL
CHEMBL86,CCN(CC)CCNC(=O)c1cc(Cl)c(N)cc1OC,79.0,%,F,ChEMBL
CHEMBL52681,CN1Cc2cc(C(=O)NCc3cccc(N)n3)ccc2N[C@@H](CC(=O)O)C1=O,13.0,%,F,ChEMBL
CHEMBL52681,CN1Cc2cc(C(=O)NCc3cccc(N)n3)ccc2N[C@@H](CC(=O)O)C1=O,10.0,%,F,ChEMBL
CHEMBL349843,CCCN[C@@H]1CCc2c(OS(=O)(=O)C(F)(F)F)cccc2[C@@H]1C,62.2,%,F,ChEMBL
CHEMBL325091,Cc1cc(C)cc(-c2[nH]c3ccc(C(C)(C)C(=O)N4CC5CCC4CC5)cc3c2[C@H](C)CNCCc2ccnc(CO)c2)c1,15.0,%,F,ChEMBL
CHEMBL302841,C/C(=C(\F)C(=O)Nc1ccc(-c2ccccc2S(N)(=O)=O)cc1)c1ccc2ccnc(N)c2c1,6.8,%,F,ChEMBL
CHEMBL302841,C/C(=C(\F)C(=O)Nc1ccc(-c2ccccc2S(N)(=O)=O)cc1)c1ccc2ccnc(N)c2c1,36.7,%,F,ChEMBL
CHEMBL291643,C/C(=C(\F)C(=O)Nc1ccc(-c2ccccc2S(N)(=O)=O)cn1)c1ccc2ccnc(N)c2c1,13.0,%,F,ChEMBL
CHEMBL87543,CC(C)N1CCC(N(C(=O)Cc2ccccc2)c2ccc(Cl)cc2)CC1,49.0,%,F,ChEMBL
CHEMBL193,COC(=O)C1=C(C)NC(C)=C(C(=O)OC)C1c1ccccc1[N+](=O)[O-],79.0,%,F,ChEMBL
CHEMBL585,Nc1nc(N)c2nc(-c3ccccc3)c(N)nc2n1,79.0,%,F,ChEMBL
CHEMBL814,COCCCC/C(=N\OCCN)c1ccc(C(F)(F)F)cc1,79.0,%,F,ChEMBL
CHEMBL479,CSc1ccc2c(c1)N(CCC1CCCCN1C)c1ccccc1S2,49.0,%,F,ChEMBL
CHEMBL331742,N=C(N)c1ccc(CNC(=O)[C@@H]2CCCN2C(=O)[C@H](NS(N)(=O)=O)C(c2ccccc2)c2ccccc2)s1,11.0,%,F,ChEMBL
CHEMBL119877,COC(=O)N[C@@H](C(=O)N1CCC[C@H]1C(=O)NCc1ccc(C(=N)N)s1)C(c1ccccc1)c1ccccc1,8.0,%,F,ChEMBL
CHEMBL55937,COP(=O)(COCCn1cnc2c(N)ncnc21)OC,0.0,%,F,ChEMBL
CHEMBL6966,COc1ccc(CCN(C)CCCC(C#N)(c2ccc(OC)c(OC)c2)C(C)C)cc1OC,49.0,%,F,ChEMBL
CHEMBL822,CN(C/C=C/C#CC(C)(C)C)Cc1cccc2ccccc12,49.0,%,F,ChEMBL
CHEMBL842,NS(=O)(=O)c1cc2c(cc1Cl)N=CNS2(=O)=O,49.0,%,F,ChEMBL
CHEMBL1560,C[C@H](CS)C(=O)N1CCC[C@H]1C(=O)O,79.0,%,F,ChEMBL
CHEMBL660,NC12CC3CC(CC(C3)C1)C2,79.0,%,F,ChEMBL
CHEMBL138872,CN(C)CCn1ccc2ccc(C3(O)CCSCC3)cc21,51.1,%,F,ChEMBL
CHEMBL54812,CCOP(=O)(O)COCCn1cnc2c(N)ncnc21,0.0,%,F,ChEMBL
CHEMBL55077,CCCCCCCCOP(=O)(O)COCCn1cnc2c(N)ncnc21,0.8,%,F,ChEMBL
CHEMBL65267,C[C@H](NC(=O)c1ccc(C(=N)N)cc1)C(=O)N1CCC(OCC(=O)O)CC1,26.0,%,F,ChEMBL
CHEMBL65267,C[C@H](NC(=O)c1ccc(C(=N)N)cc1)C(=O)N1CCC(OCC(=O)O)CC1,25.0,%,F,ChEMBL
CHEMBL65267,C[C@H](NC(=O)c1ccc(C(=N)N)cc1)C(=O)N1CCC(OCC(=O)O)CC1,33.0,%,F,ChEMBL
CHEMBL13,COCCc1ccc(OCC(O)CNC(C)C)cc1,49.0,%,F,ChEMBL
CHEMBL19019,O=C1CC[C@@]2(O)[C@H]3Cc4ccc(O)c5c4[C@@]2(CCN3CC2CC2)[C@H]1O5,49.0,%,F,ChEMBL
CHEMBL485,COc1ccc2c3c1O[C@H]1[C@@H](O)C=C[C@H]4[C@@H](C2)N(C)CC[C@@]341,79.0,%,F,ChEMBL
CHEMBL893,Cc1onc(-c2c(Cl)cccc2Cl)c1C(=O)N[C@@H]1C(=O)N2[C@@H]1SC(C)(C)[C@@H]2C(=O)O,79.0,%,F,ChEMBL
CHEMBL631,CCCNCC(O)COc1ccccc1C(=O)CCc1ccccc1,49.0,%,F,ChEMBL
CHEMBL1450,O=C1C(O)=C([C@H]2CC[C@H](c3ccc(Cl)cc3)CC2)C(=O)c2ccccc21,49.0,%,F,ChEMBL
CHEMBL87493,CCNC(C)Cc1cccc(C(F)(F)F)c1,79.0,%,F,ChEMBL
CHEMBL85,Cc1nc2n(c(=O)c1CCN1CCC(c3noc4cc(F)ccc34)CC1)CCCC2,79.0,%,F,ChEMBL
CHEMBL86715,OC(CCN1CCCC1)(c1ccccc1)C1CCCCC1,79.0,%,F,ChEMBL
CHEMBL192,CCCc1nn(C)c2c(=O)[nH]c(-c3cc(S(=O)(=O)N4CCN(C)CC4)ccc3OCC)nc12,15.0,%,F,ChEMBL
CHEMBL192,CCCc1nn(C)c2c(=O)[nH]c(-c3cc(S(=O)(=O)N4CCN(C)CC4)ccc3OCC)nc12,54.0,%,F,ChEMBL
CHEMBL124035,COCCOc1cc2ncnc(N3CCN(C(=O)Nc4ccc(OC(C)C)cc4)CC3)c2cc1OC,72.1,%,F,ChEMBL
CHEMBL124035,COCCOc1cc2ncnc(N3CCN(C(=O)Nc4ccc(OC(C)C)cc4)CC3)c2cc1OC,73.6,%,F,ChEMBL
CHEMBL124035,COCCOc1cc2ncnc(N3CCN(C(=O)Nc4ccc(OC(C)C)cc4)CC3)c2cc1OC,26.6,%,F,ChEMBL
CHEMBL112400,Cc1cc(C)cc(-c2[nH]c3ccc(C(C)(C)C(=O)N4CC5CCC4CC5)cc3c2[C@H](C)CNCCc2cc[n+]([O-])cc2)c1,14.0,%,F,ChEMBL
CHEMBL62875,CN(C)c1nccc2ccc(/C=C\C(=O)Nc3ccc(-c4ccccc4S(N)(=O)=O)cc3)cc12,1.5,%,F,ChEMBL
CHEMBL54280,CCOP(=O)(COCCn1cnc2c(N)ncnc21)OCOC(=O)C(C)(C)C,34.9,%,F,ChEMBL
CHEMBL13209,O=C1CN=C(c2ccccc2)c2cc([N+](=O)[O-])ccc2N1,79.0,%,F,ChEMBL
CHEMBL129,Cc1cn([C@H]2C[C@H](N=[N+]=[N-])[C@@H](CO)O2)c(=O)[nH]c1=O,79.0,%,F,ChEMBL
CHEMBL1213351,CCC(=O)O[C@](Cc1ccccc1)(c1ccccc1)[C@H](C)CN(C)C,49.0,%,F,ChEMBL
CHEMBL441809,CCC(C)(C)NCC(O)COc1ccccc1C(=O)CCc1ccccc1,49.0,%,F,ChEMBL
CHEMBL296035,CCc1cccc2cc(C(O)CNC(C)(C)C)oc12,79.0,%,F,ChEMBL
CHEMBL1764,COc1ccc2c(c1)N(C[C@H](C)CN(C)C)c1ccccc1S2,79.0,%,F,ChEMBL
CHEMBL1160714,CC(C)NC[C@H](O)COc1ccc(O)cc1,49.0,%,F,ChEMBL
CHEMBL5314404,CC[C@H]1[C@@H]2C[C@H]3[C@@H]4N(C)c5ccccc5[C@]45C[C@@H]([C@@H]2[C@H]5O)N3[C@@H]1O,49.0,%,F,ChEMBL
CHEMBL416722,N/C(=N/O)N1CCC(CNC(=O)[C@@H]2CC[C@H]3CN(S(=O)(=O)C(c4ccccc4)c4ccccc4)CC(=O)N32)CC1,1.9,%,F,ChEMBL
CHEMBL54427,Nc1ncnc2c1ncn2CCOCP1(=O)OCCCO1,0.7,%,F,ChEMBL
CHEMBL55800,CCOP(=O)(COCCn1cnc2c(N)ncnc21)OCC,42.0,%,F,ChEMBL
CHEMBL643,CC(CN1c2ccccc2Sc2ccccc21)N(C)C,49.0,%,F,ChEMBL
CHEMBL500,CC(C)NCC(O)COc1cccc2[nH]ccc12,79.0,%,F,ChEMBL
CHEMBL27441,CCCN[C@@H]1CCc2c(OC)cccc2[C@@H]1C,1.6,%,F,ChEMBL
CHEMBL185,O=c1[nH]cc(F)c(=O)[nH]1,49.0,%,F,ChEMBL
CHEMBL70,CN1CC[C@]23c4c5ccc(O)c4O[C@H]2[C@@H](O)C=C[C@H]3[C@H]1C5,49.0,%,F,ChEMBL
CHEMBL54,O=C(CCCN1CCC(O)(c2ccc(Cl)cc2)CC1)c1ccc(F)cc1,79.0,%,F,ChEMBL
CHEMBL1484,COC(=O)C1=C(C)NC(C)=C(C(=O)OCCN(C)Cc2ccccc2)C1c1cccc([N+](=O)[O-])c1,49.0,%,F,ChEMBL
CHEMBL1626,CN1CCC[C@@H]1CCO[C@](C)(c1ccccc1)c1ccc(Cl)cc1,49.0,%,F,ChEMBL
CHEMBL1628227,CN(C)CCC=C1c2ccccc2COc2ccccc21,49.0,%,F,ChEMBL
CHEMBL150950,CNC(=O)OC[C@H]1OC(n2cnc3c(NC4CCOC4)ncnc32)[C@H](O)[C@@H]1O,9.0,%,F,ChEMBL
CHEMBL62288,C/C(=C(\F)C(=O)Nc1ccc(-c2ccccc2S(N)(=O)=O)cc1F)c1ccc2ccnc(N)c2c1,13.5,%,F,ChEMBL
CHEMBL301000,Nc1ncnc2c1ncn2CCOP(=O)(O)COCCCO,0.0,%,F,ChEMBL
CHEMBL71,CN(C)CCCN1c2ccccc2Sc2ccc(Cl)cc21,49.0,%,F,ChEMBL
CHEMBL130,O=C(N[C@H](CO)[C@H](O)c1ccc([N+](=O)[O-])cc1)C(Cl)Cl,79.0,%,F,ChEMBL
CHEMBL657,CN(C)CCOC(c1ccccc1)c1ccccc1,79.0,%,F,ChEMBL
CHEMBL490,Fc1ccc([C@@H]2CCNC[C@H]2COc2ccc3c(c2)OCO3)cc1,79.0,%,F,ChEMBL
CHEMBL53602,Nc1ncnc2c1ncn2CCOCP(=O)(Oc1ccccc1)Oc1ccccc1,11.1,%,F,ChEMBL
CHEMBL41,CNCCC(Oc1ccc(C(F)(F)F)cc1)c1ccccc1,79.0,%,F,ChEMBL
CHEMBL642,CCCC(=O)Nc1ccc(OCC(O)CNC(C)C)c(C(C)=O)c1,49.0,%,F,ChEMBL
CHEMBL23,COc1ccc([C@@H]2Sc3ccccc3N(CCN(C)C)C(=O)[C@@H]2OC(C)=O)cc1,49.0,%,F,ChEMBL
CHEMBL1055,NS(=O)(=O)c1cc(C2(O)NC(=O)c3ccccc32)ccc1Cl,79.0,%,F,ChEMBL
CHEMBL633,CCCCc1oc2ccccc2c1C(=O)c1cc(I)c(OCCN(CC)CC)c(I)c1,79.0,%,F,ChEMBL
CHEMBL517712,CN1[C@@H]2CC[C@H]1C[C@@H](OC(=O)C(CO)c1ccccc1)C2,79.0,%,F,ChEMBL
CHEMBL1729,COc1cc(N)c(Cl)cc1C(=O)NC1CCN(CCCOc2ccc(F)cc2)CC1OC,49.0,%,F,ChEMBL
CHEMBL9967,CN1CCN(CC(=O)N2c3ccccc3C(=O)Nc3cccnc32)CC1,49.0,%,F,ChEMBL
CHEMBL715,Cc1cc2c(s1)Nc1ccccc1N=C2N1CCN(C)CC1,79.0,%,F,ChEMBL
CHEMBL110401,CC1(C)OC(=O)C(Oc2ccc(F)c(F)c2)=C1c1ccc(S(C)(=O)=O)cc1,77.0,%,F,ChEMBL
CHEMBL324876,CC1(C)OC(=O)C(Oc2ccc(F)cc2)=C1c1ccc(S(C)(=O)=O)cc1,77.0,%,F,ChEMBL
CHEMBL300359,CC(C)(CN)CNP(=O)(O)COCCn1cnc2c(N)ncnc21,10.6,%,F,ChEMBL
CHEMBL7868,CCn1ncc2c(NCc3ccc(OC)c(Cl)c3)c(C(=O)NCc3ccncc3)cnc21,33.0,%,F,ChEMBL
CHEMBL7868,CCn1ncc2c(NCc3ccc(OC)c(Cl)c3)c(C(=O)NCc3ccncc3)cnc21,66.0,%,F,ChEMBL
CHEMBL279516,O=C(NC1CCN(CCc2c[nH]c3ccccc23)CC1)c1ccccc1,49.0,%,F,ChEMBL
CHEMBL607,CCOC(=O)C1(c2ccccc2)CCN(C)CC1,79.0,%,F,ChEMBL
CHEMBL26,CCN1CCCC1CNC(=O)c1cc(S(N)(=O)=O)ccc1OC,49.0,%,F,ChEMBL
CHEMBL112,CC(=O)Nc1ccc(O)cc1,79.0,%,F,ChEMBL
CHEMBL121379,COC(=O)N[C@@H](C(=O)N1CCC[C@H]1C(=O)NCc1csc(C(=N)N)c1)C(c1ccccc1)c1ccccc1,7.0,%,F,ChEMBL
CHEMBL324654,Cc1cc(C)cc(-c2[nH]c3ccc(C(C)(C)C(=O)N4CC5CCC4CC5)cc3c2[C@H](C)CNCCc2cc[n+]([O-])c(C)c2)c1,25.0,%,F,ChEMBL
CHEMBL324654,Cc1cc(C)cc(-c2[nH]c3ccc(C(C)(C)C(=O)N4CC5CCC4CC5)cc3c2[C@H](C)CNCCc2cc[n+]([O-])c(C)c2)c1,23.0,%,F,ChEMBL
CHEMBL294611,CCN(CC)P(=O)(COCCn1cnc2c(N)ncnc21)N(CC)CC,7.2,%,F,ChEMBL
CHEMBL417548,CCN(CC)C(=O)COP(=O)(COCCn1cnc2c(N)ncnc21)OCOC(=O)C(C)(C)C,2.2,%,F,ChEMBL
CHEMBL1215,CNC[C@H](O)c1cccc(O)c1,49.0,%,F,ChEMBL
CHEMBL1790041,CNC(=C[N+](=O)[O-])NCCSCc1ccc(CN(C)C)o1,79.0,%,F,ChEMBL
CHEMBL415,CN(C)CCCN1c2ccccc2CCc2ccc(Cl)cc21,79.0,%,F,ChEMBL
CHEMBL8809,CCN1CCC[C@H]1CNC(=O)c1c(O)c(Cl)cc(Cl)c1OC,79.0,%,F,ChEMBL
CHEMBL2220442,CC(C)n1c(/C=C/C(O)CC(O)CC(=O)O)c(-c2ccc(F)cc2)c2ccccc21,49.0,%,F,ChEMBL
CHEMBL120187,COC(=O)N[C@@H](C(=O)N1CCC[C@H]1C(=O)NCc1ccc(C(=N)N)cc1)C(c1ccccc1)c1ccccc1,6.0,%,F,ChEMBL
CHEMBL420540,N=C(N)c1ccc(CNC(=O)[C@@H]2CCCN2C(=O)[C@H](NCC(=O)O)C(c2ccccc2)c2ccccc2)s1,43.0,%,F,ChEMBL
CHEMBL420540,N=C(N)c1ccc(CNC(=O)[C@@H]2CCCN2C(=O)[C@H](NCC(=O)O)C(c2ccccc2)c2ccccc2)s1,42.0,%,F,ChEMBL
CHEMBL420540,N=C(N)c1ccc(CNC(=O)[C@@H]2CCCN2C(=O)[C@H](NCC(=O)O)C(c2ccccc2)c2ccccc2)s1,15.0,%,F,ChEMBL
CHEMBL125898,COc1cc2c(N3CCN(C(=O)Nc4ccc(OC(C)C)cc4)CC3)ncnc2cc1OCCCN1CCOCC1,20.8,%,F,ChEMBL
CHEMBL125898,COc1cc2c(N3CCN(C(=O)Nc4ccc(OC(C)C)cc4)CC3)ncnc2cc1OCCCN1CCOCC1,63.3,%,F,ChEMBL
CHEMBL125898,COc1cc2c(N3CCN(C(=O)Nc4ccc(OC(C)C)cc4)CC3)ncnc2cc1OCCCN1CCOCC1,18.9,%,F,ChEMBL
CHEMBL54413,CC1(C)COP(=O)(COCCn2cnc3c(N)ncnc32)OC1,0.0,%,F,ChEMBL
CHEMBL46,Cc1nccn1CC1CCc2c(c3ccccc3n2C)C1=O,79.0,%,F,ChEMBL
CHEMBL83063,CC(NCCc1ccc(O)cc1)C(O)c1ccc(O)cc1,49.0,%,F,ChEMBL
CHEMBL121150,N=C(N)c1csc(CNC(=O)[C@@H]2CCCN2C(=O)[C@H](NCC(=O)O)C(c2ccccc2)c2ccccc2)n1,21.0,%,F,ChEMBL
CHEMBL54638,Nc1ncnc2c1ncn2CCOCP(=O)(O)OCc1ccc([N+](=O)[O-])cc1,1.9,%,F,ChEMBL
CHEMBL902,NC(N)=Nc1nc(CSCC/C(N)=N/S(N)(=O)=O)cs1,49.0,%,F,ChEMBL
CHEMBL53904,OCCN1CCN(CC/C=C2/c3ccccc3Sc3ccc(Cl)cc32)CC1,79.0,%,F,ChEMBL
CHEMBL35,NS(=O)(=O)c1cc(C(=O)O)c(NCc2ccco2)cc1Cl,79.0,%,F,ChEMBL
CHEMBL546,C=CCOc1ccccc1OCC(O)CNC(C)C,49.0,%,F,ChEMBL
CHEMBL1491,CCOC(=O)C1=C(COCCN)NC(C)=C(C(=O)OC)C1c1ccccc1Cl,79.0,%,F,ChEMBL
CHEMBL444064,COc1cc2c(N3CCN(C(=O)Nc4ccc(OC(C)C)cc4)CC3)ncnc2cc1OCCN1CCCCC1,125.0,%,F,ChEMBL
CHEMBL444064,COc1cc2c(N3CCN(C(=O)Nc4ccc(OC(C)C)cc4)CC3)ncnc2cc1OCCN1CCCCC1,13.5,%,F,ChEMBL
CHEMBL444064,COc1cc2c(N3CCN(C(=O)Nc4ccc(OC(C)C)cc4)CC3)ncnc2cc1OCCN1CCCCC1,38.8,%,F,ChEMBL
CHEMBL431402,Cc1cc(C)cc(-c2[nH]c3ccc(C(C)(C)C(=O)N4CC5CCC4CC5)cc3c2[C@H](C)CNCCc2cc(C)[n+]([O-])c(C)c2)c1,29.0,%,F,ChEMBL
CHEMBL55807,Nc1ncnc2c1ncn2CCOCP(=O)(O)Oc1ccccc1,14.0,%,F,ChEMBL
CHEMBL55708,Nc1ncnc2c1ncn2CCOCP(=O)(O)OCC(F)(F)CO,3.5,%,F,ChEMBL
CHEMBL632,C[C@H]1C[C@H]2[C@@H]3CCC4=CC(=O)C=C[C@]4(C)[C@@]3(F)[C@@H](O)C[C@]2(C)[C@@]1(O)C(=O)CO,79.0,%,F,ChEMBL
CHEMBL249856,CSc1ccc(C(=O)c2[nH]c(=O)[nH]c2C)cc1,79.0,%,F,ChEMBL
CHEMBL293030,CC(C)(C)NCC(O)COc1cccc2c1CCCC2=O,79.0,%,F,ChEMBL
CHEMBL331571,COC(=O)N[C@@H](C(=O)N1CCC[C@H]1C(=O)NCc1ccc(C(=N)N)nc1)C(c1ccccc1)c1ccccc1,11.0,%,F,ChEMBL
CHEMBL52863,CC(C)CCOP(=O)(COCCn1cnc2c(N)ncnc21)OCCC(C)C,0.5,%,F,ChEMBL
CHEMBL305828,N=C(N)c1cccc(OC(C(=O)Nc2ccc(C(=O)N3CCCC3)cc2)c2ccccc2)c1,5.0,%,F,ChEMBL
CHEMBL47476,CC(C)(C)OC(=O)N[C@@H](Cc1ccccc1)[C@H](O)CNC[C@@H](O)[C@H](Cc1ccccc1)NC(=O)OC(C)(C)C,40.0,%,F,ChEMBL
CHEMBL53158,CC(C)COP(=O)(COCCn1cnc2c(N)ncnc21)OCC(C)C,0.0,%,F,ChEMBL
CHEMBL298825,COP(=O)(O)COCCn1cnc2c(N)ncnc21,1.4,%,F,ChEMBL
CHEMBL569713,CN1[C@@H]2C[C@@H](OC(=O)[C@H](CO)c3ccccc3)C[C@H]1[C@@H]1O[C@@H]12,49.0,%,F,ChEMBL
CHEMBL25,CC(=O)Oc1ccccc1C(=O)O,79.0,%,F,ChEMBL
CHEMBL654,CN1CCN2c3ncccc3Cc3ccccc3C2C1,79.0,%,F,ChEMBL
CHEMBL429,CC(CCc1ccccc1)NCC(O)c1ccc(O)c(C(N)=O)c1,49.0,%,F,ChEMBL
CHEMBL640,CCN(CC)CCNC(=O)c1ccc(N)cc1,79.0,%,F,ChEMBL
